NO_COMMANDE,CODE_CLIENT,NO_EMPLOYE,DATE_COMMANDE,DATE_ENVOI,PORT
10248,VINET,5,1996-07-04 00:00:00.000,1996-07-16 00:00:00.000,161.90
10249,TOMSP,6,1996-05-07 00:00:00.000,1996-10-07 00:00:00.000,58.05
10250,HANAR,4,1996-08-07 00:00:00.000,1996-12-07 00:00:00.000,329.15
10251,VICTE,3,1996-07-08 00:00:00.000,1996-07-15 00:00:00.000,206.70
10252,SUPRD,4,1996-09-07 00:00:00.000,1996-11-07 00:00:00.000,256.50
10253,HANAR,3,1996-07-10 00:00:00.000,1996-07-16 00:00:00.000,290.85
10254,CHOPS,5,1996-07-11 00:00:00.000,1996-07-23 00:00:00.000,114.90
10255,RICSU,9,1996-07-12 00:00:00.000,1996-07-15 00:00:00.000,741.65
10256,WELLI,3,1996-07-15 00:00:00.000,1996-07-17 00:00:00.000,69.85
10257,HILAA,4,1996-07-16 00:00:00.000,1996-07-22 00:00:00.000,409.55
10258,ERNSH,1,1996-07-17 00:00:00.000,1996-07-23 00:00:00.000,702.55
10259,CENTC,4,1996-07-18 00:00:00.000,1996-07-25 00:00:00.000,16.25
10260,OTTIK,4,1996-07-19 00:00:00.000,1996-07-29 00:00:00.000,275.45
10261,QUEDE,4,1996-07-19 00:00:00.000,1996-07-30 00:00:00.000,15.25
10262,RATTC,8,1996-07-22 00:00:00.000,1996-07-25 00:00:00.000,241.45
10263,ERNSH,9,1996-07-23 00:00:00.000,1996-07-31 00:00:00.000,730.30
10264,FOLKO,6,1996-07-24 00:00:00.000,1996-08-23 00:00:00.000,18.35
10265,BLONP,2,1996-07-25 00:00:00.000,1996-08-12 00:00:00.000,276.40
10266,WARTH,3,1996-07-26 00:00:00.000,1996-07-31 00:00:00.000,128.65
10267,FRANK,4,1996-07-29 00:00:00.000,1996-08-06 00:00:00.000,1042.90
10268,GROSR,8,1996-07-30 00:00:00.000,1996-08-02 00:00:00.000,331.45
10269,WHITC,5,1996-07-31 00:00:00.000,1996-08-09 00:00:00.000,22.80
10270,WARTH,1,1996-01-08 00:00:00.000,1996-02-08 00:00:00.000,682.70
10271,SPLIR,6,1996-08-01 00:00:00.000,1996-08-30 00:00:00.000,22.70
10272,RATTC,6,1996-02-08 00:00:00.000,1996-06-08 00:00:00.000,490.15
10273,QUICK,3,1996-05-08 00:00:00.000,1996-12-08 00:00:00.000,380.35
10274,VINET,6,1996-08-06 00:00:00.000,1996-08-16 00:00:00.000,30.05
10275,MAGAA,1,1996-07-08 00:00:00.000,1996-09-08 00:00:00.000,134.65
10276,TORTU,8,1996-08-08 00:00:00.000,1996-08-14 00:00:00.000,69.20
10277,MORGK,2,1996-08-09 00:00:00.000,1996-08-13 00:00:00.000,628.85
10278,BERGS,8,1996-08-12 00:00:00.000,1996-08-16 00:00:00.000,463.45
10279,LEHMS,8,1996-08-13 00:00:00.000,1996-08-16 00:00:00.000,129.15
10280,BERGS,2,1996-08-14 00:00:00.000,1996-09-12 00:00:00.000,44.90
10281,ROMEY,4,1996-08-14 00:00:00.000,1996-08-21 00:00:00.000,14.70
10282,ROMEY,4,1996-08-15 00:00:00.000,1996-08-21 00:00:00.000,63.45
10283,LILAS,3,1996-08-16 00:00:00.000,1996-08-23 00:00:00.000,424.05
10284,LEHMS,4,1996-08-19 00:00:00.000,1996-08-27 00:00:00.000,382.80
10285,QUICK,1,1996-08-20 00:00:00.000,1996-08-26 00:00:00.000,384.15
10286,QUICK,8,1996-08-21 00:00:00.000,1996-08-30 00:00:00.000,1146.20
10287,RICAR,8,1996-08-22 00:00:00.000,1996-08-28 00:00:00.000,63.80
10288,REGGC,4,1996-08-23 00:00:00.000,1996-09-03 00:00:00.000,37.25
10289,BSBEV,7,1996-08-26 00:00:00.000,1996-08-28 00:00:00.000,113.85
10290,COMMI,8,1996-08-27 00:00:00.000,1996-09-03 00:00:00.000,398.50
10291,QUEDE,6,1996-08-27 00:00:00.000,1996-09-04 00:00:00.000,0.32
10292,TRADH,1,1996-08-28 00:00:00.000,1996-09-02 00:00:00.000,6.75
10293,TORTU,1,1996-08-29 00:00:00.000,1996-09-11 00:00:00.000,105.90
10294,RATTC,4,1996-08-30 00:00:00.000,1996-09-05 00:00:00.000,736.30
10295,VINET,2,1996-02-09 00:00:00.000,1996-10-09 00:00:00.000,5.75
10296,LILAS,6,1996-03-09 00:00:00.000,1996-11-09 00:00:00.000,0.60
10297,BLONP,5,1996-04-09 00:00:00.000,1996-10-09 00:00:00.000,28.70
10298,HUNGO,6,1996-05-09 00:00:00.000,1996-11-09 00:00:00.000,841.10
10299,RICAR,4,1996-09-06 00:00:00.000,1996-09-13 00:00:00.000,148.80
10300,MAGAA,2,1996-09-09 00:00:00.000,1996-09-18 00:00:00.000,88.40
10301,WANDK,8,1996-09-09 00:00:00.000,1996-09-17 00:00:00.000,225.40
10302,SUPRD,4,1996-10-09 00:00:00.000,1996-09-10 00:00:00.000,31.35
10303,GODOS,7,1996-09-11 00:00:00.000,1996-09-18 00:00:00.000,539.15
10304,TORTU,1,1996-09-12 00:00:00.000,1996-09-17 00:00:00.000,318.95
10305,OLDWO,8,1996-09-13 00:00:00.000,1996-10-09 00:00:00.000,1288.10
10306,ROMEY,1,1996-09-16 00:00:00.000,1996-09-23 00:00:00.000,37.80
10307,LONEP,2,1996-09-17 00:00:00.000,1996-09-25 00:00:00.000,2.80
10308,ANATR,7,1996-09-18 00:00:00.000,1996-09-24 00:00:00.000,8.05
10309,HUNGO,3,1996-09-19 00:00:00.000,1996-10-23 00:00:00.000,236.50
10310,THEBI,8,1996-09-20 00:00:00.000,1996-09-27 00:00:00.000,87.60
10311,DUMON,1,1996-09-20 00:00:00.000,1996-09-26 00:00:00.000,123.45
10312,WANDK,2,1996-09-23 00:00:00.000,1996-10-03 00:00:00.000,201.30
10313,QUICK,2,1996-09-24 00:00:00.000,1996-10-04 00:00:00.000,9.80
10314,RATTC,1,1996-09-25 00:00:00.000,1996-10-04 00:00:00.000,370.80
10315,ISLAT,4,1996-09-26 00:00:00.000,1996-10-03 00:00:00.000,208.80
10316,RATTC,1,1996-09-27 00:00:00.000,1996-10-08 00:00:00.000,750.75
10317,LONEP,6,1996-09-30 00:00:00.000,1996-10-10 00:00:00.000,63.45
10318,ISLAT,8,1996-01-10 00:00:00.000,1996-04-10 00:00:00.000,23.65
10319,TORTU,7,1996-02-10 00:00:00.000,1996-11-10 00:00:00.000,322.50
10320,WARTH,5,1996-10-03 00:00:00.000,1996-10-18 00:00:00.000,172.85
10321,ISLAT,3,1996-03-10 00:00:00.000,1996-11-10 00:00:00.000,17.15
10322,PERIC,7,1996-10-04 00:00:00.000,1996-10-23 00:00:00.000,0.02
10323,KOENE,4,1996-10-07 00:00:00.000,1996-10-14 00:00:00.000,24.40
10324,SAVEA,9,1996-08-10 00:00:00.000,1996-10-10 00:00:00.000,1071.35
10325,KOENE,1,1996-10-09 00:00:00.000,1996-10-14 00:00:00.000,324.30
10326,BOLID,4,1996-10-10 00:00:00.000,1996-10-14 00:00:00.000,389.60
10327,FOLKO,2,1996-10-11 00:00:00.000,1996-10-14 00:00:00.000,316.80
10328,FURIB,4,1996-10-14 00:00:00.000,1996-10-17 00:00:00.000,435.15
10329,SPLIR,4,1996-10-15 00:00:00.000,1996-10-23 00:00:00.000,958.35
10330,LILAS,3,1996-10-16 00:00:00.000,1996-10-28 00:00:00.000,63.75
10331,BONAP,9,1996-10-16 00:00:00.000,1996-10-21 00:00:00.000,50.95
10332,MEREP,3,1996-10-17 00:00:00.000,1996-10-21 00:00:00.000,264.20
10333,WARTH,5,1996-10-18 00:00:00.000,1996-10-25 00:00:00.000,2.95
10334,VICTE,8,1996-10-21 00:00:00.000,1996-10-28 00:00:00.000,42.80
10335,HUNGO,7,1996-10-22 00:00:00.000,1996-10-24 00:00:00.000,210.55
10336,PRINI,7,1996-10-23 00:00:00.000,1996-10-25 00:00:00.000,77.55
10337,FRANK,4,1996-10-24 00:00:00.000,1996-10-29 00:00:00.000,541.30
10338,OLDWO,4,1996-10-25 00:00:00.000,1996-10-29 00:00:00.000,421.05
10339,MEREP,2,1996-10-28 00:00:00.000,1996-11-04 00:00:00.000,78.30
10340,BONAP,1,1996-10-29 00:00:00.000,1996-11-08 00:00:00.000,831.55
10341,SIMOB,7,1996-10-29 00:00:00.000,1996-11-05 00:00:00.000,133.90
10342,FRANK,4,1996-10-30 00:00:00.000,1996-11-04 00:00:00.000,274.15
10343,LEHMS,4,1996-10-31 00:00:00.000,1996-11-06 00:00:00.000,551.85
10344,WHITC,4,1996-01-11 00:00:00.000,1996-05-11 00:00:00.000,116.45
10345,QUICK,2,1996-04-11 00:00:00.000,1996-11-11 00:00:00.000,1245.30
10346,RATTC,3,1996-05-11 00:00:00.000,1996-08-11 00:00:00.000,710.40
10347,FAMIA,4,1996-06-11 00:00:00.000,1996-08-11 00:00:00.000,15.50
10348,WANDK,4,1996-11-07 00:00:00.000,1996-11-15 00:00:00.000,3.90
10349,SPLIR,7,1996-11-08 00:00:00.000,1996-11-15 00:00:00.000,43.15
10350,LAMAI,6,1996-11-11 00:00:00.000,1996-03-12 00:00:00.000,320.95
10351,ERNSH,1,1996-11-11 00:00:00.000,1996-11-20 00:00:00.000,811.65
10352,FURIB,3,1996-11-12 00:00:00.000,1996-11-18 00:00:00.000,6.50
10353,PICCO,7,1996-11-13 00:00:00.000,1996-11-25 00:00:00.000,1803.15
10354,PERIC,8,1996-11-14 00:00:00.000,1996-11-20 00:00:00.000,2.69
10355,AROUT,6,1996-11-15 00:00:00.000,1996-11-20 00:00:00.000,209.75
10356,WANDK,6,1996-11-18 00:00:00.000,1996-11-27 00:00:00.000,183.55
10357,LILAS,1,1996-11-19 00:00:00.000,1996-12-02 00:00:00.000,174.40
10358,LAMAI,5,1996-11-20 00:00:00.000,1996-11-27 00:00:00.000,98.20
10359,SEVES,5,1996-11-21 00:00:00.000,1996-11-26 00:00:00.000,1442.15
10360,BLONP,4,1996-11-22 00:00:00.000,1996-12-02 00:00:00.000,658.50
10361,QUICK,1,1996-11-22 00:00:00.000,1996-12-03 00:00:00.000,915.85
10362,BONAP,3,1996-11-25 00:00:00.000,1996-11-28 00:00:00.000,480.20
10363,DRACD,4,1996-11-26 00:00:00.000,1996-12-04 00:00:00.000,152.70
10364,EASTC,1,1996-11-26 00:00:00.000,1996-12-04 00:00:00.000,359.85
10365,ANTON,3,1996-11-27 00:00:00.000,1996-12-02 00:00:00.000,1.10
10366,GALED,8,1996-11-28 00:00:00.000,1996-12-30 00:00:00.000,50.70
10367,VAFFE,7,1996-11-28 00:00:00.000,1996-12-02 00:00:00.000,67.75
10368,ERNSH,2,1996-11-29 00:00:00.000,1996-12-02 00:00:00.000,509.75
10369,SPLIR,8,1996-02-12 00:00:00.000,1996-09-12 00:00:00.000,978.40
10370,CHOPS,6,1996-12-03 00:00:00.000,1996-12-27 00:00:00.000,5.85
10371,LAMAI,1,1996-12-03 00:00:00.000,1996-12-24 00:00:00.000,2.25
10372,QUEEN,5,1996-04-12 00:00:00.000,1996-09-12 00:00:00.000,4453.90
10373,HUNGO,4,1996-05-12 00:00:00.000,1996-11-12 00:00:00.000,620.60
10374,WOLZA,1,1996-05-12 00:00:00.000,1996-09-12 00:00:00.000,19.70
10375,HUNGC,3,1996-06-12 00:00:00.000,1996-09-12 00:00:00.000,100.60
10376,MEREP,1,1996-12-09 00:00:00.000,1996-12-13 00:00:00.000,101.95
10377,SEVES,1,1996-12-09 00:00:00.000,1996-12-13 00:00:00.000,111.05
10378,FOLKO,5,1996-12-10 00:00:00.000,1996-12-19 00:00:00.000,27.20
10379,QUEDE,2,1996-12-11 00:00:00.000,1996-12-13 00:00:00.000,225.15
10380,HUNGO,8,1996-12-12 00:00:00.000,1997-01-16 00:00:00.000,175.15
10381,LILAS,3,1996-12-12 00:00:00.000,1996-12-13 00:00:00.000,39.95
10382,ERNSH,4,1996-12-13 00:00:00.000,1996-12-16 00:00:00.000,473.85
10383,AROUT,8,1996-12-16 00:00:00.000,1996-12-18 00:00:00.000,171.20
10384,BERGS,3,1996-12-16 00:00:00.000,1996-12-20 00:00:00.000,843.20
10385,SPLIR,1,1996-12-17 00:00:00.000,1996-12-23 00:00:00.000,154.80
10386,FAMIA,9,1996-12-18 00:00:00.000,1996-12-25 00:00:00.000,69.95
10387,SANTG,1,1996-12-18 00:00:00.000,1996-12-20 00:00:00.000,468.15
10388,SEVES,2,1996-12-19 00:00:00.000,1996-12-20 00:00:00.000,174.30
10389,BOTTM,4,1996-12-20 00:00:00.000,1996-12-24 00:00:00.000,237.10
10390,ERNSH,6,1996-12-23 00:00:00.000,1996-12-26 00:00:00.000,631.90
10391,DRACD,3,1996-12-23 00:00:00.000,1996-12-31 00:00:00.000,27.25
10392,PICCO,2,1996-12-24 00:00:00.000,1997-01-01 00:00:00.000,612.30
10393,SAVEA,1,1996-12-25 00:00:00.000,1997-01-03 00:00:00.000,632.80
10394,HUNGC,1,1996-12-25 00:00:00.000,1997-01-03 00:00:00.000,151.70
10395,HILAA,6,1996-12-26 00:00:00.000,1997-01-03 00:00:00.000,922.05
10396,FRANK,1,1996-12-27 00:00:00.000,1997-01-06 00:00:00.000,676.75
10397,PRINI,5,1996-12-27 00:00:00.000,1997-01-02 00:00:00.000,301.30
10398,SAVEA,2,1996-12-30 00:00:00.000,1997-01-09 00:00:00.000,445.80
10399,VAFFE,8,1996-12-31 00:00:00.000,1997-01-08 00:00:00.000,136.80
10400,EASTC,1,1997-01-01 00:00:00.000,1997-01-16 00:00:00.000,419.65
10401,RATTC,1,1997-01-01 00:00:00.000,1997-10-01 00:00:00.000,62.55
10402,ERNSH,8,1997-02-01 00:00:00.000,1997-10-01 00:00:00.000,339.40
10403,ERNSH,4,1997-03-01 00:00:00.000,1997-09-01 00:00:00.000,368.95
10404,MAGAA,2,1997-03-01 00:00:00.000,1997-08-01 00:00:00.000,779.85
10405,LINOD,1,1997-01-06 00:00:00.000,1997-01-22 00:00:00.000,174.10
10406,QUEEN,7,1997-01-07 00:00:00.000,1997-01-13 00:00:00.000,540.20
10407,OTTIK,2,1997-01-07 00:00:00.000,1997-01-30 00:00:00.000,457.40
10408,FOLIG,8,1997-01-08 00:00:00.000,1997-01-14 00:00:00.000,56.30
10409,OCEAN,3,1997-01-09 00:00:00.000,1997-01-14 00:00:00.000,149.15
10410,BOTTM,3,1997-01-10 00:00:00.000,1997-01-15 00:00:00.000,0.12
10411,BOTTM,9,1997-01-10 00:00:00.000,1997-01-21 00:00:00.000,118.25
10412,WARTH,8,1997-01-13 00:00:00.000,1997-01-15 00:00:00.000,18.85
10413,LAMAI,3,1997-01-14 00:00:00.000,1997-01-16 00:00:00.000,478.30
10414,FAMIA,2,1997-01-14 00:00:00.000,1997-01-17 00:00:00.000,107.40
10415,HUNGC,3,1997-01-15 00:00:00.000,1997-01-24 00:00:00.000,0.01
10416,WARTH,8,1997-01-16 00:00:00.000,1997-01-27 00:00:00.000,113.60
10417,SIMOB,4,1997-01-16 00:00:00.000,1997-01-28 00:00:00.000,351.45
10418,QUICK,4,1997-01-17 00:00:00.000,1997-01-24 00:00:00.000,87.75
10419,RICSU,4,1997-01-20 00:00:00.000,1997-01-30 00:00:00.000,686.75
10420,WELLI,3,1997-01-21 00:00:00.000,1997-01-27 00:00:00.000,220.60
10421,QUEDE,8,1997-01-21 00:00:00.000,1997-01-27 00:00:00.000,496.15
10422,FRANS,2,1997-01-22 00:00:00.000,1997-01-31 00:00:00.000,15.10
10423,GOURL,6,1997-01-23 00:00:00.000,1997-02-24 00:00:00.000,122.50
10424,MEREP,7,1997-01-23 00:00:00.000,1997-01-27 00:00:00.000,1853.05
10425,LAMAI,6,1997-01-24 00:00:00.000,1997-02-14 00:00:00.000,39.65
10426,GALED,4,1997-01-27 00:00:00.000,1997-02-06 00:00:00.000,93.45
10427,PICCO,4,1997-01-27 00:00:00.000,1997-03-03 00:00:00.000,156.45
10428,REGGC,7,1997-01-28 00:00:00.000,1997-02-04 00:00:00.000,55.45
10429,HUNGO,3,1997-01-29 00:00:00.000,1997-02-07 00:00:00.000,283.15
10430,ERNSH,4,1997-01-30 00:00:00.000,1997-02-03 00:00:00.000,2293.90
10431,BOTTM,4,1997-01-30 00:00:00.000,1997-02-07 00:00:00.000,220.85
10432,SPLIR,3,1997-01-31 00:00:00.000,1997-02-07 00:00:00.000,21.70
10433,PRINI,3,1997-03-02 00:00:00.000,1997-04-03 00:00:00.000,369.15
10434,FOLKO,3,1997-02-03 00:00:00.000,1997-02-13 00:00:00.000,89.60
10435,CONSH,8,1997-04-02 00:00:00.000,1997-07-02 00:00:00.000,46.05
10436,BLONP,3,1997-05-02 00:00:00.000,1997-11-02 00:00:00.000,783.30
10437,WARTH,8,1997-05-02 00:00:00.000,1997-12-02 00:00:00.000,99.85
10438,TOMSP,3,1997-02-06 00:00:00.000,1997-02-14 00:00:00.000,41.20
10439,MEREP,6,1997-07-02 00:00:00.000,1997-10-02 00:00:00.000,20.35
10440,SAVEA,4,1997-02-10 00:00:00.000,1997-02-28 00:00:00.000,432.65
10441,OLDWO,3,1997-02-10 00:00:00.000,1997-03-14 00:00:00.000,365.10
10442,ERNSH,3,1997-02-11 00:00:00.000,1997-02-18 00:00:00.000,239.70
10443,REGGC,8,1997-02-12 00:00:00.000,1997-02-14 00:00:00.000,69.75
10444,BERGS,3,1997-02-12 00:00:00.000,1997-02-21 00:00:00.000,17.50
10445,BERGS,3,1997-02-13 00:00:00.000,1997-02-20 00:00:00.000,46.50
10446,TOMSP,6,1997-02-14 00:00:00.000,1997-02-19 00:00:00.000,73.40
10447,RICAR,4,1997-02-14 00:00:00.000,1997-03-07 00:00:00.000,343.30
10448,RANCH,4,1997-02-17 00:00:00.000,1997-02-24 00:00:00.000,194.10
10449,BLONP,3,1997-02-18 00:00:00.000,1997-02-27 00:00:00.000,266.50
10450,VICTE,8,1997-02-19 00:00:00.000,1997-03-11 00:00:00.000,36.15
10451,QUICK,4,1997-02-19 00:00:00.000,1997-03-12 00:00:00.000,945.45
10452,SAVEA,8,1997-02-20 00:00:00.000,1997-02-26 00:00:00.000,701.30
10453,AROUT,1,1997-02-21 00:00:00.000,1997-02-26 00:00:00.000,126.80
10454,LAMAI,4,1997-02-21 00:00:00.000,1997-02-25 00:00:00.000,13.70
10455,WARTH,8,1997-02-24 00:00:00.000,1997-03-03 00:00:00.000,902.25
10456,KOENE,8,1997-02-25 00:00:00.000,1997-02-28 00:00:00.000,40.60
10457,KOENE,2,1997-02-25 00:00:00.000,1997-03-03 00:00:00.000,57.85
10458,SUPRD,7,1997-02-26 00:00:00.000,1997-03-04 00:00:00.000,735.30
10459,VICTE,4,1997-02-27 00:00:00.000,1997-02-28 00:00:00.000,125.45
10460,FOLKO,8,1997-02-28 00:00:00.000,1997-03-03 00:00:00.000,81.35
10461,LILAS,1,1997-02-28 00:00:00.000,1997-03-05 00:00:00.000,743.05
10462,CONSH,2,1997-03-03 00:00:00.000,1997-03-18 00:00:00.000,30.85
10463,SUPRD,5,1997-04-03 00:00:00.000,1997-06-03 00:00:00.000,73.90
10464,FURIB,4,1997-03-04 00:00:00.000,1997-03-14 00:00:00.000,4.45
10465,VAFFE,1,1997-03-05 00:00:00.000,1997-03-14 00:00:00.000,725.20
10466,COMMI,4,1997-03-06 00:00:00.000,1997-03-13 00:00:00.000,59.65
10467,MAGAA,8,1997-06-03 00:00:00.000,1997-11-03 00:00:00.000,24.65
10468,KOENE,3,1997-07-03 00:00:00.000,1997-12-03 00:00:00.000,220.60
10469,WHITC,1,1997-03-10 00:00:00.000,1997-03-14 00:00:00.000,300.90
10470,BONAP,4,1997-03-11 00:00:00.000,1997-03-14 00:00:00.000,322.80
10471,BSBEV,2,1997-03-11 00:00:00.000,1997-03-18 00:00:00.000,227.95
10472,SEVES,8,1997-03-12 00:00:00.000,1997-03-19 00:00:00.000,0.21
10473,ISLAT,1,1997-03-13 00:00:00.000,1997-03-21 00:00:00.000,81.85
10474,PERIC,5,1997-03-13 00:00:00.000,1997-03-21 00:00:00.000,417.45
10475,SUPRD,9,1997-03-14 00:00:00.000,1997-04-04 00:00:00.000,342.60
10476,HILAA,8,1997-03-17 00:00:00.000,1997-03-24 00:00:00.000,22.05
10477,PRINI,5,1997-03-17 00:00:00.000,1997-03-25 00:00:00.000,65.10
10478,VICTE,2,1997-03-18 00:00:00.000,1997-03-26 00:00:00.000,24.05
10479,RATTC,3,1997-03-19 00:00:00.000,1997-03-21 00:00:00.000,3544.75
10480,FOLIG,6,1997-03-20 00:00:00.000,1997-03-24 00:00:00.000,6.75
10481,RICAR,8,1997-03-20 00:00:00.000,1997-03-25 00:00:00.000,321.65
10482,LAZYK,1,1997-03-21 00:00:00.000,1997-04-10 00:00:00.000,37.40
10483,WHITC,7,1997-03-24 00:00:00.000,1997-04-25 00:00:00.000,76.40
10484,BSBEV,3,1997-03-24 00:00:00.000,1997-04-01 00:00:00.000,34.40
10485,LINOD,4,1997-03-25 00:00:00.000,1997-03-31 00:00:00.000,322.25
10486,HILAA,1,1997-03-26 00:00:00.000,1997-04-02 00:00:00.000,152.65
10487,QUEEN,2,1997-03-26 00:00:00.000,1997-03-28 00:00:00.000,355.35
10488,FRANK,8,1997-03-27 00:00:00.000,1997-04-02 00:00:00.000,24.65
10489,PICCO,6,1997-03-28 00:00:00.000,1997-04-09 00:00:00.000,26.45
10490,HILAA,7,1997-03-31 00:00:00.000,1997-04-03 00:00:00.000,1050.95
10491,FURIB,8,1997-03-31 00:00:00.000,1997-04-08 00:00:00.000,84.80
10492,BOTTM,3,1997-01-04 00:00:00.000,1997-11-04 00:00:00.000,314.45
10493,LAMAI,4,1997-02-04 00:00:00.000,1997-10-04 00:00:00.000,53.20
10494,COMMI,4,1997-02-04 00:00:00.000,1997-09-04 00:00:00.000,329.95
10495,LAUGB,3,1997-03-04 00:00:00.000,1997-11-04 00:00:00.000,23.25
10496,TRADH,7,1997-04-04 00:00:00.000,1997-07-04 00:00:00.000,233.85
10497,LEHMS,7,1997-04-04 00:00:00.000,1997-07-04 00:00:00.000,181.05
10498,HILAA,8,1997-07-04 00:00:00.000,1997-11-04 00:00:00.000,148.75
10499,LILAS,4,1997-04-08 00:00:00.000,1997-04-16 00:00:00.000,510.10
10500,LAMAI,6,1997-04-09 00:00:00.000,1997-04-17 00:00:00.000,213.40
10501,BLAUS,9,1997-04-09 00:00:00.000,1997-04-16 00:00:00.000,44.25
10502,PERIC,2,1997-04-10 00:00:00.000,1997-04-29 00:00:00.000,346.60
10503,HUNGO,6,1997-04-11 00:00:00.000,1997-04-16 00:00:00.000,83.70
10504,WHITC,4,1997-04-11 00:00:00.000,1997-04-18 00:00:00.000,295.65
10505,MEREP,3,1997-04-14 00:00:00.000,1997-04-21 00:00:00.000,35.65
10506,KOENE,9,1997-04-15 00:00:00.000,1997-05-02 00:00:00.000,105.95
10507,ANTON,7,1997-04-15 00:00:00.000,1997-04-22 00:00:00.000,237.25
10508,OTTIK,1,1997-04-16 00:00:00.000,1997-05-13 00:00:00.000,24.95
10509,BLAUS,4,1997-04-17 00:00:00.000,1997-04-29 00:00:00.000,0.75
10510,SAVEA,6,1997-04-18 00:00:00.000,1997-04-28 00:00:00.000,1838.15
10511,BONAP,4,1997-04-18 00:00:00.000,1997-04-21 00:00:00.000,1753.20
10512,FAMIA,7,1997-04-21 00:00:00.000,1997-04-24 00:00:00.000,17.65
10513,WANDK,7,1997-04-22 00:00:00.000,1997-04-28 00:00:00.000,528.25
10514,ERNSH,3,1997-04-22 00:00:00.000,1997-05-16 00:00:00.000,3949.75
10515,QUICK,2,1997-04-23 00:00:00.000,1997-05-23 00:00:00.000,1022.35
10516,HUNGO,2,1997-04-24 00:00:00.000,1997-05-01 00:00:00.000,313.90
10517,NORTS,3,1997-04-24 00:00:00.000,1997-04-29 00:00:00.000,160.35
10518,TORTU,4,1997-04-25 00:00:00.000,1997-05-05 00:00:00.000,1090.75
10519,CHOPS,6,1997-04-28 00:00:00.000,1997-05-01 00:00:00.000,458.80
10520,SANTG,7,1997-04-29 00:00:00.000,1997-05-01 00:00:00.000,66.85
10521,CACTU,8,1997-04-29 00:00:00.000,1997-05-02 00:00:00.000,86.10
10522,LEHMS,4,1997-04-30 00:00:00.000,1997-05-06 00:00:00.000,226.65
10523,SEVES,7,1997-05-01 00:00:00.000,1997-05-30 00:00:00.000,388.15
10524,BERGS,1,1997-01-05 00:00:00.000,1997-07-05 00:00:00.000,1223.95
10525,BONAP,1,1997-05-02 00:00:00.000,1997-05-23 00:00:00.000,55.30
10526,WARTH,4,1997-05-05 00:00:00.000,1997-05-15 00:00:00.000,292.95
10527,QUICK,7,1997-05-05 00:00:00.000,1997-07-05 00:00:00.000,209.50
10528,GREAL,6,1997-06-05 00:00:00.000,1997-09-05 00:00:00.000,16.75
10529,MAISD,5,1997-07-05 00:00:00.000,1997-09-05 00:00:00.000,333.45
10530,PICCO,3,1997-08-05 00:00:00.000,1997-12-05 00:00:00.000,1696.10
10531,OCEAN,7,1997-05-08 00:00:00.000,1997-05-19 00:00:00.000,40.60
10532,EASTC,7,1997-09-05 00:00:00.000,1997-12-05 00:00:00.000,372.30
10533,FOLKO,8,1997-05-12 00:00:00.000,1997-05-22 00:00:00.000,940.20
10534,LEHMS,8,1997-05-12 00:00:00.000,1997-05-14 00:00:00.000,139.70
10535,ANTON,4,1997-05-13 00:00:00.000,1997-05-21 00:00:00.000,78.20
10536,LEHMS,3,1997-05-14 00:00:00.000,1997-06-06 00:00:00.000,294.40
10537,RICSU,1,1997-05-14 00:00:00.000,1997-05-19 00:00:00.000,394.25
10538,BSBEV,9,1997-05-15 00:00:00.000,1997-05-16 00:00:00.000,24.35
10539,BSBEV,6,1997-05-16 00:00:00.000,1997-05-23 00:00:00.000,61.80
10540,QUICK,3,1997-05-19 00:00:00.000,1997-06-13 00:00:00.000,5038.20
10541,HANAR,2,1997-05-19 00:00:00.000,1997-05-29 00:00:00.000,343.25
10542,KOENE,1,1997-05-20 00:00:00.000,1997-05-26 00:00:00.000,54.75
10543,LILAS,8,1997-05-21 00:00:00.000,1997-05-23 00:00:00.000,240.85
10544,LONEP,4,1997-05-21 00:00:00.000,1997-05-30 00:00:00.000,124.55
10545,LAZYK,8,1997-05-22 00:00:00.000,1997-06-26 00:00:00.000,59.60
10546,VICTE,1,1997-05-23 00:00:00.000,1997-05-27 00:00:00.000,973.60
10547,SEVES,3,1997-05-23 00:00:00.000,1997-06-02 00:00:00.000,892.15
10548,TOMSP,3,1997-05-26 00:00:00.000,1997-06-02 00:00:00.000,7.15
10549,QUICK,5,1997-05-27 00:00:00.000,1997-05-30 00:00:00.000,856.20
10550,GODOS,7,1997-05-28 00:00:00.000,1997-06-06 00:00:00.000,21.60
10551,FURIB,4,1997-05-28 00:00:00.000,1997-06-06 00:00:00.000,364.75
10552,HILAA,2,1997-05-29 00:00:00.000,1997-06-05 00:00:00.000,416.10
10553,WARTH,2,1997-05-30 00:00:00.000,1997-06-03 00:00:00.000,747.45
10554,OTTIK,4,1997-05-30 00:00:00.000,1997-06-05 00:00:00.000,604.85
10555,SAVEA,6,1997-02-06 00:00:00.000,1997-04-06 00:00:00.000,1262.45
10556,SIMOB,2,1997-06-03 00:00:00.000,1997-06-13 00:00:00.000,0.49
10557,LEHMS,9,1997-03-06 00:00:00.000,1997-06-06 00:00:00.000,483.60
10558,AROUT,1,1997-04-06 00:00:00.000,1997-10-06 00:00:00.000,364.85
10559,BLONP,6,1997-06-05 00:00:00.000,1997-06-13 00:00:00.000,40.25
10560,FRANK,8,1997-06-06 00:00:00.000,1997-09-06 00:00:00.000,183.25
10561,FOLKO,2,1997-06-06 00:00:00.000,1997-09-06 00:00:00.000,1211.05
10562,REGGC,1,1997-09-06 00:00:00.000,1997-12-06 00:00:00.000,114.75
10563,RICAR,2,1997-06-10 00:00:00.000,1997-06-24 00:00:00.000,302.15
10564,RATTC,4,1997-06-10 00:00:00.000,1997-06-16 00:00:00.000,68.75
10565,MEREP,8,1997-06-11 00:00:00.000,1997-06-18 00:00:00.000,35.75
10566,BLONP,9,1997-06-12 00:00:00.000,1997-06-18 00:00:00.000,4.42
10567,HUNGO,1,1997-06-12 00:00:00.000,1997-06-17 00:00:00.000,169.85
10568,GALED,3,1997-06-13 00:00:00.000,1997-07-09 00:00:00.000,32.70
10569,RATTC,5,1997-06-16 00:00:00.000,1997-07-11 00:00:00.000,294.90
10570,MEREP,3,1997-06-17 00:00:00.000,1997-06-19 00:00:00.000,944.95
10571,ERNSH,8,1997-06-17 00:00:00.000,1997-07-04 00:00:00.000,130.30
10572,BERGS,3,1997-06-18 00:00:00.000,1997-06-25 00:00:00.000,582.15
10573,ANTON,7,1997-06-19 00:00:00.000,1997-06-20 00:00:00.000,424.20
10574,TRAIH,4,1997-06-19 00:00:00.000,1997-06-30 00:00:00.000,1.88
10575,MORGK,5,1997-06-20 00:00:00.000,1997-06-30 00:00:00.000,636.70
10576,TORTU,3,1997-06-23 00:00:00.000,1997-06-30 00:00:00.000,92.80
10577,TRAIH,9,1997-06-23 00:00:00.000,1997-06-30 00:00:00.000,127.05
10578,BSBEV,4,1997-06-24 00:00:00.000,1997-07-25 00:00:00.000,1.48
10579,LETSS,1,1997-06-25 00:00:00.000,1997-07-04 00:00:00.000,68.65
10580,OTTIK,4,1997-06-26 00:00:00.000,1997-07-01 00:00:00.000,379.45
10581,FAMIA,3,1997-06-26 00:00:00.000,1997-07-02 00:00:00.000,15.05
10582,BLAUS,3,1997-06-27 00:00:00.000,1997-07-14 00:00:00.000,138.55
10583,WARTH,2,1997-06-30 00:00:00.000,1997-07-04 00:00:00.000,36.40
10584,BLONP,4,1997-06-30 00:00:00.000,1997-07-04 00:00:00.000,295.70
10585,WELLI,7,1997-01-07 00:00:00.000,1997-10-07 00:00:00.000,67.05
10586,REGGC,9,1997-02-07 00:00:00.000,1997-09-07 00:00:00.000,2.40
10587,QUEDE,1,1997-02-07 00:00:00.000,1997-09-07 00:00:00.000,312.60
10588,QUICK,2,1997-03-07 00:00:00.000,1997-10-07 00:00:00.000,973.35
10589,GREAL,8,1997-07-04 00:00:00.000,1997-07-14 00:00:00.000,22.10
10590,MEREP,4,1997-07-07 00:00:00.000,1997-07-14 00:00:00.000,223.85
10591,VAFFE,1,1997-07-07 00:00:00.000,1997-07-16 00:00:00.000,279.60
10592,LEHMS,3,1997-07-08 00:00:00.000,1997-07-16 00:00:00.000,160.50
10593,LEHMS,7,1997-07-09 00:00:00.000,1997-08-13 00:00:00.000,8.71
10594,OLDWO,3,1997-07-09 00:00:00.000,1997-07-16 00:00:00.000,26.20
10595,ERNSH,2,1997-07-10 00:00:00.000,1997-07-14 00:00:00.000,483.90
10596,WHITC,8,1997-11-07 00:00:00.000,1997-12-08 00:00:00.000,81.70
10597,PICCO,7,1997-07-11 00:00:00.000,1997-07-18 00:00:00.000,175.60
10598,RATTC,1,1997-07-14 00:00:00.000,1997-07-18 00:00:00.000,222.10
10599,BSBEV,6,1997-07-15 00:00:00.000,1997-07-21 00:00:00.000,149.90
10600,HUNGC,4,1997-07-16 00:00:00.000,1997-07-21 00:00:00.000,225.65
10601,HILAA,7,1997-07-16 00:00:00.000,1997-07-22 00:00:00.000,291.50
10602,VAFFE,8,1997-07-17 00:00:00.000,1997-07-22 00:00:00.000,14.60
10603,SAVEA,8,1997-07-18 00:00:00.000,1997-08-08 00:00:00.000,243.85
10604,FURIB,1,1997-07-18 00:00:00.000,1997-07-29 00:00:00.000,37.30
10605,MEREP,1,1997-07-21 00:00:00.000,1997-07-29 00:00:00.000,1895.65
10606,TRADH,4,1997-07-22 00:00:00.000,1997-07-31 00:00:00.000,3.97
10607,SAVEA,5,1997-07-22 00:00:00.000,1997-07-25 00:00:00.000,1001.20
10608,TOMSP,4,1997-07-23 00:00:00.000,1997-08-01 00:00:00.000,138.95
10609,DUMON,7,1997-07-24 00:00:00.000,1997-07-30 00:00:00.000,9.25
10610,LAMAI,8,1997-07-25 00:00:00.000,1997-08-06 00:00:00.000,133.90
10611,WOLZA,6,1997-07-25 00:00:00.000,1997-08-01 00:00:00.000,403.25
10612,SAVEA,1,1997-07-28 00:00:00.000,1997-08-01 00:00:00.000,2720.40
10613,HILAA,4,1997-07-29 00:00:00.000,1997-08-01 00:00:00.000,40.55
10614,BLAUS,8,1997-07-29 00:00:00.000,1997-08-01 00:00:00.000,9.65
10615,WILMK,2,1997-07-30 00:00:00.000,1997-08-06 00:00:00.000,3.75
10616,GREAL,1,1997-07-31 00:00:00.000,1997-08-05 00:00:00.000,582.65
10617,GREAL,4,1997-07-31 00:00:00.000,1997-08-04 00:00:00.000,92.65
10618,MEREP,1,1997-01-08 00:00:00.000,1997-08-08 00:00:00.000,773.40
10619,MEREP,3,1997-04-08 00:00:00.000,1997-07-08 00:00:00.000,455.25
10620,LAUGB,2,1997-08-05 00:00:00.000,1997-08-14 00:00:00.000,4.70
10621,ISLAT,4,1997-05-08 00:00:00.000,1997-11-08 00:00:00.000,118.65
10622,RICAR,4,1997-06-08 00:00:00.000,1997-11-08 00:00:00.000,254.85
10623,FRANK,8,1997-07-08 00:00:00.000,1997-12-08 00:00:00.000,485.90
10624,THECR,4,1997-08-07 00:00:00.000,1997-08-19 00:00:00.000,4.74
10625,ANATR,3,1997-08-08 00:00:00.000,1997-08-14 00:00:00.000,219.50
10626,BERGS,1,1997-08-11 00:00:00.000,1997-08-20 00:00:00.000,693.45
10627,SAVEA,8,1997-08-11 00:00:00.000,1997-08-21 00:00:00.000,537.30
10628,BLONP,4,1997-08-12 00:00:00.000,1997-08-20 00:00:00.000,151.80
10629,GODOS,4,1997-08-12 00:00:00.000,1997-08-20 00:00:00.000,427.30
10630,KOENE,1,1997-08-13 00:00:00.000,1997-08-19 00:00:00.000,161.75
10631,LAMAI,8,1997-08-14 00:00:00.000,1997-08-15 00:00:00.000,4.35
10632,WANDK,8,1997-08-14 00:00:00.000,1997-08-19 00:00:00.000,206.90
10633,ERNSH,7,1997-08-15 00:00:00.000,1997-08-18 00:00:00.000,2389.50
10634,FOLIG,4,1997-08-15 00:00:00.000,1997-08-21 00:00:00.000,2436.90
10635,MAGAA,8,1997-08-18 00:00:00.000,1997-08-21 00:00:00.000,237.30
10636,WARTH,4,1997-08-19 00:00:00.000,1997-08-26 00:00:00.000,5.75
10637,QUEEN,6,1997-08-19 00:00:00.000,1997-08-26 00:00:00.000,1006.45
10638,LINOD,3,1997-08-20 00:00:00.000,1997-09-01 00:00:00.000,792.20
10639,SANTG,7,1997-08-20 00:00:00.000,1997-08-27 00:00:00.000,193.20
10640,WANDK,4,1997-08-21 00:00:00.000,1997-08-28 00:00:00.000,117.75
10641,HILAA,4,1997-08-22 00:00:00.000,1997-08-26 00:00:00.000,898.05
10642,SIMOB,7,1997-08-22 00:00:00.000,1997-09-05 00:00:00.000,209.45
10643,AROUT,6,1997-08-25 00:00:00.000,1997-09-02 00:00:00.000,147.30
10644,WELLI,3,1997-08-25 00:00:00.000,1997-09-01 00:00:00.000,0.70
10645,HANAR,4,1997-08-26 00:00:00.000,1997-09-02 00:00:00.000,62.05
10646,HUNGO,9,1997-08-27 00:00:00.000,1997-09-03 00:00:00.000,711.65
10647,QUEDE,4,1997-08-27 00:00:00.000,1997-09-03 00:00:00.000,227.70
10648,RICAR,5,1997-08-28 00:00:00.000,1997-09-09 00:00:00.000,71.25
10649,MAISD,5,1997-08-28 00:00:00.000,1997-08-29 00:00:00.000,0.31
10650,FAMIA,5,1997-08-29 00:00:00.000,1997-09-03 00:00:00.000,884.05
10651,WANDK,8,1997-01-09 00:00:00.000,1997-11-09 00:00:00.000,1.03
10652,GOURL,4,1997-01-09 00:00:00.000,1997-08-09 00:00:00.000,35.70
10653,FRANK,1,1997-09-02 00:00:00.000,1997-09-19 00:00:00.000,466.25
10654,BERGS,5,1997-02-09 00:00:00.000,1997-11-09 00:00:00.000,276.30
10655,REGGC,1,1997-03-09 00:00:00.000,1997-11-09 00:00:00.000,22.05
10656,GREAL,6,1997-04-09 00:00:00.000,1997-10-09 00:00:00.000,285.75
10657,SAVEA,2,1997-09-04 00:00:00.000,1997-09-15 00:00:00.000,1763.45
10658,QUICK,4,1997-05-09 00:00:00.000,1997-08-09 00:00:00.000,1820.75
10659,QUEEN,7,1997-05-09 00:00:00.000,1997-10-09 00:00:00.000,529.05
10660,HUNGC,8,1997-09-08 00:00:00.000,1997-10-15 00:00:00.000,556.45
10661,HUNGO,7,1997-09-09 00:00:00.000,1997-09-15 00:00:00.000,87.75
10662,LONEP,3,1997-09-09 00:00:00.000,1997-09-18 00:00:00.000,6.40
10663,BONAP,2,1997-10-09 00:00:00.000,1997-03-10 00:00:00.000,565.75
10664,FURIB,1,1997-09-10 00:00:00.000,1997-09-19 00:00:00.000,6.35
10665,LONEP,1,1997-09-11 00:00:00.000,1997-09-17 00:00:00.000,131.55
10666,RICSU,7,1997-09-12 00:00:00.000,1997-09-22 00:00:00.000,1162.10
10667,ERNSH,7,1997-09-12 00:00:00.000,1997-09-19 00:00:00.000,390.45
10668,WANDK,1,1997-09-15 00:00:00.000,1997-09-23 00:00:00.000,236.10
10669,SIMOB,2,1997-09-15 00:00:00.000,1997-09-22 00:00:00.000,121.95
10670,FRANK,4,1997-09-16 00:00:00.000,1997-09-18 00:00:00.000,1017.40
10671,FRANR,1,1997-09-17 00:00:00.000,1997-09-24 00:00:00.000,151.70
10672,BERGS,9,1997-09-17 00:00:00.000,1997-09-26 00:00:00.000,478.75
10673,WILMK,2,1997-09-18 00:00:00.000,1997-09-19 00:00:00.000,113.80
10674,ISLAT,4,1997-09-18 00:00:00.000,1997-09-30 00:00:00.000,4.50
10675,FRANK,5,1997-09-19 00:00:00.000,1997-09-23 00:00:00.000,159.25
10676,TORTU,2,1997-09-22 00:00:00.000,1997-09-29 00:00:00.000,10.05
10677,ANTON,1,1997-09-22 00:00:00.000,1997-09-26 00:00:00.000,20.15
10678,SAVEA,7,1997-09-23 00:00:00.000,1997-10-16 00:00:00.000,1944.90
10679,BLONP,8,1997-09-23 00:00:00.000,1997-09-30 00:00:00.000,139.70
10680,OLDWO,1,1997-09-24 00:00:00.000,1997-09-26 00:00:00.000,133.05
10681,GREAL,3,1997-09-25 00:00:00.000,1997-09-30 00:00:00.000,380.65
10682,ANTON,3,1997-09-25 00:00:00.000,1997-10-01 00:00:00.000,180.65
10683,DUMON,2,1997-09-26 00:00:00.000,1997-10-01 00:00:00.000,0.22
10684,OTTIK,3,1997-09-26 00:00:00.000,1997-09-30 00:00:00.000,728.15
10685,GOURL,4,1997-09-29 00:00:00.000,1997-10-03 00:00:00.000,168.75
10686,PICCO,2,1997-09-30 00:00:00.000,1997-10-08 00:00:00.000,482.50
10687,HUNGO,9,1997-09-30 00:00:00.000,1997-10-30 00:00:00.000,1482.15
10688,VAFFE,4,1997-01-10 00:00:00.000,1997-07-10 00:00:00.000,1495.45
10689,BERGS,1,1997-01-10 00:00:00.000,1997-07-10 00:00:00.000,67.10
10690,HANAR,1,1997-02-10 00:00:00.000,1997-03-10 00:00:00.000,0.79
10691,QUICK,2,1997-10-03 00:00:00.000,1997-10-22 00:00:00.000,4050.25
10692,BSBEV,4,1997-10-03 00:00:00.000,1997-10-13 00:00:00.000,305.10
10693,WHITC,3,1997-06-10 00:00:00.000,1997-10-10 00:00:00.000,696.70
10694,QUICK,8,1997-06-10 00:00:00.000,1997-09-10 00:00:00.000,1991.80
10695,WILMK,7,1997-10-07 00:00:00.000,1997-10-14 00:00:00.000,83.60
10696,WHITC,8,1997-10-08 00:00:00.000,1997-10-14 00:00:00.000,512.75
10697,LINOD,3,1997-10-08 00:00:00.000,1997-10-14 00:00:00.000,227.60
10698,ERNSH,4,1997-10-09 00:00:00.000,1997-10-17 00:00:00.000,1362.35
10699,MORGK,3,1997-10-09 00:00:00.000,1997-10-13 00:00:00.000,2.90
10700,SAVEA,3,1997-10-10 00:00:00.000,1997-10-16 00:00:00.000,325.50
10701,HUNGO,6,1997-10-13 00:00:00.000,1997-10-15 00:00:00.000,1101.55
10702,ALFKI,4,1997-10-13 00:00:00.000,1997-10-21 00:00:00.000,119.70
10703,FOLKO,6,1997-10-14 00:00:00.000,1997-10-20 00:00:00.000,761.50
10704,QUEEN,6,1997-10-14 00:00:00.000,1997-11-07 00:00:00.000,23.90
10705,HILAA,9,1997-10-15 00:00:00.000,1997-11-18 00:00:00.000,17.60
10706,OLDWO,8,1997-10-16 00:00:00.000,1997-10-21 00:00:00.000,678.15
10707,AROUT,4,1997-10-16 00:00:00.000,1997-10-23 00:00:00.000,108.70
10708,THEBI,6,1997-10-17 00:00:00.000,1997-11-05 00:00:00.000,14.80
10709,GOURL,1,1997-10-17 00:00:00.000,1997-11-20 00:00:00.000,10.54
10710,FRANS,1,1997-10-20 00:00:00.000,1997-10-23 00:00:00.000,24.90
10711,SAVEA,5,1997-10-21 00:00:00.000,1997-10-29 00:00:00.000,262.05
10712,HUNGO,3,1997-10-21 00:00:00.000,1997-10-31 00:00:00.000,449.65
10713,SAVEA,1,1997-10-22 00:00:00.000,1997-10-24 00:00:00.000,835.25
10714,SAVEA,5,1997-10-22 00:00:00.000,1997-10-27 00:00:00.000,122.45
10715,BONAP,3,1997-10-23 00:00:00.000,1997-10-29 00:00:00.000,3.16
10716,RANCH,4,1997-10-24 00:00:00.000,1997-10-27 00:00:00.000,112.85
10717,FRANK,1,1997-10-24 00:00:00.000,1997-10-29 00:00:00.000,296.25
10718,KOENE,1,1997-10-27 00:00:00.000,1997-10-29 00:00:00.000,854.40
10719,LETSS,8,1997-10-27 00:00:00.000,1997-11-05 00:00:00.000,257.20
10720,QUEDE,8,1997-10-28 00:00:00.000,1997-11-05 00:00:00.000,47.65
10721,QUICK,5,1997-10-29 00:00:00.000,1997-10-31 00:00:00.000,244.60
10722,SAVEA,8,1997-10-29 00:00:00.000,1997-11-04 00:00:00.000,372.90
10723,WHITC,3,1997-10-30 00:00:00.000,1997-11-25 00:00:00.000,108.60
10724,MEREP,8,1997-10-30 00:00:00.000,1997-11-05 00:00:00.000,288.75
10725,FAMIA,4,1997-10-31 00:00:00.000,1997-11-05 00:00:00.000,54.15
10726,EASTC,4,1997-03-11 00:00:00.000,1997-05-12 00:00:00.000,82.80
10727,REGGC,2,1997-03-11 00:00:00.000,1997-05-12 00:00:00.000,449.50
10728,QUEEN,4,1997-04-11 00:00:00.000,1997-11-11 00:00:00.000,291.65
10729,LINOD,8,1997-11-04 00:00:00.000,1997-11-14 00:00:00.000,705.30
10730,BONAP,5,1997-11-05 00:00:00.000,1997-11-14 00:00:00.000,100.60
10731,CHOPS,7,1997-11-06 00:00:00.000,1997-11-14 00:00:00.000,483.25
10732,BONAP,3,1997-06-11 00:00:00.000,1997-07-11 00:00:00.000,84.85
10733,BERGS,1,1997-07-11 00:00:00.000,1997-10-11 00:00:00.000,550.55
10734,GOURL,2,1997-07-11 00:00:00.000,1997-12-11 00:00:00.000,8.15
10735,LETSS,6,1997-11-10 00:00:00.000,1997-11-21 00:00:00.000,229.85
10736,HUNGO,9,1997-11-11 00:00:00.000,1997-11-21 00:00:00.000,220.50
10737,VINET,2,1997-11-11 00:00:00.000,1997-11-18 00:00:00.000,38.95
10738,SPECD,2,1997-11-12 00:00:00.000,1997-11-18 00:00:00.000,14.55
10739,VINET,3,1997-11-12 00:00:00.000,1997-11-17 00:00:00.000,55.40
10740,WHITC,4,1997-11-13 00:00:00.000,1997-11-25 00:00:00.000,409.40
10741,AROUT,4,1997-11-14 00:00:00.000,1997-11-18 00:00:00.000,54.80
10742,BOTTM,3,1997-11-14 00:00:00.000,1997-11-18 00:00:00.000,1218.65
10743,AROUT,1,1997-11-17 00:00:00.000,1997-11-21 00:00:00.000,118.60
10744,VAFFE,6,1997-11-17 00:00:00.000,1997-11-24 00:00:00.000,345.95
10745,QUICK,9,1997-11-18 00:00:00.000,1997-11-27 00:00:00.000,17.60
10746,CHOPS,1,1997-11-19 00:00:00.000,1997-11-21 00:00:00.000,157.15
10747,PICCO,6,1997-11-19 00:00:00.000,1997-11-26 00:00:00.000,586.65
10748,SAVEA,3,1997-11-20 00:00:00.000,1997-11-28 00:00:00.000,1162.75
10749,ISLAT,4,1997-11-20 00:00:00.000,1997-12-19 00:00:00.000,307.65
10750,WARTH,9,1997-11-21 00:00:00.000,1997-11-24 00:00:00.000,396.50
10751,RICSU,3,1997-11-24 00:00:00.000,1997-12-03 00:00:00.000,653.95
10752,NORTS,2,1997-11-24 00:00:00.000,1997-11-28 00:00:00.000,6.95
10753,FRANS,3,1997-11-25 00:00:00.000,1997-11-27 00:00:00.000,38.50
10754,MAGAA,6,1997-11-25 00:00:00.000,1997-11-27 00:00:00.000,11.90
10755,BONAP,4,1997-11-26 00:00:00.000,1997-11-28 00:00:00.000,83.55
10756,SPLIR,8,1997-11-27 00:00:00.000,1997-12-02 00:00:00.000,366.05
10757,SAVEA,6,1997-11-27 00:00:00.000,1997-12-15 00:00:00.000,40.95
10758,RICSU,3,1997-11-28 00:00:00.000,1997-12-04 00:00:00.000,690.85
10759,ANATR,3,1997-11-28 00:00:00.000,1997-12-12 00:00:00.000,59.95
10760,MAISD,4,1997-01-12 00:00:00.000,1997-10-12 00:00:00.000,778.20
10761,RATTC,5,1997-02-12 00:00:00.000,1997-08-12 00:00:00.000,93.30
10762,FOLKO,3,1997-02-12 00:00:00.000,1997-09-12 00:00:00.000,1643.70
10763,FOLIG,3,1997-03-12 00:00:00.000,1997-08-12 00:00:00.000,186.75
10764,ERNSH,6,1997-03-12 00:00:00.000,1997-08-12 00:00:00.000,727.25
10765,QUICK,3,1997-04-12 00:00:00.000,1997-09-12 00:00:00.000,213.70
10766,OTTIK,4,1997-05-12 00:00:00.000,1997-09-12 00:00:00.000,787.75
10767,SUPRD,4,1997-12-05 00:00:00.000,1997-12-15 00:00:00.000,7.95
10768,AROUT,3,1997-12-08 00:00:00.000,1997-12-15 00:00:00.000,731.60
10769,VAFFE,3,1997-08-12 00:00:00.000,1997-12-12 00:00:00.000,325.30
10770,HANAR,8,1997-12-09 00:00:00.000,1997-12-17 00:00:00.000,26.60
10771,ERNSH,9,1997-10-12 00:00:00.000,1998-02-01 00:00:00.000,55.95
10772,LEHMS,3,1997-12-10 00:00:00.000,1997-12-19 00:00:00.000,456.40
10773,ERNSH,1,1997-12-11 00:00:00.000,1997-12-16 00:00:00.000,482.15
10774,FOLKO,4,1997-11-12 00:00:00.000,1997-12-12 00:00:00.000,2.41
10775,THECR,7,1997-12-12 00:00:00.000,1997-12-26 00:00:00.000,101.25
10776,ERNSH,1,1997-12-15 00:00:00.000,1997-12-18 00:00:00.000,1757.65
10777,GOURL,7,1997-12-15 00:00:00.000,1998-01-21 00:00:00.000,15.05
10778,BERGS,3,1997-12-16 00:00:00.000,1997-12-24 00:00:00.000,33.95
10779,MORGK,3,1997-12-16 00:00:00.000,1998-01-14 00:00:00.000,290.65
10780,LILAS,2,1997-12-16 00:00:00.000,1997-12-25 00:00:00.000,210.65
10781,WARTH,2,1997-12-17 00:00:00.000,1997-12-19 00:00:00.000,365.80
10782,CACTU,9,1997-12-17 00:00:00.000,1997-12-22 00:00:00.000,5.50
10783,HANAR,4,1997-12-18 00:00:00.000,1997-12-19 00:00:00.000,624.90
10784,MAGAA,4,1997-12-18 00:00:00.000,1997-12-22 00:00:00.000,350.45
10785,GROSR,1,1997-12-18 00:00:00.000,1997-12-24 00:00:00.000,7.55
10786,QUEEN,8,1997-12-19 00:00:00.000,1997-12-23 00:00:00.000,554.35
10787,LAMAI,2,1997-12-19 00:00:00.000,1997-12-26 00:00:00.000,1249.65
10788,QUICK,1,1997-12-22 00:00:00.000,1998-01-19 00:00:00.000,213.50
10789,FOLIG,1,1997-12-22 00:00:00.000,1997-12-31 00:00:00.000,5.03
10790,GOURL,6,1997-12-22 00:00:00.000,1997-12-26 00:00:00.000,141.15
10791,FRANK,6,1997-12-23 00:00:00.000,1998-01-01 00:00:00.000,84.25
10792,WOLZA,1,1997-12-23 00:00:00.000,1997-12-31 00:00:00.000,118.95
10793,AROUT,3,1997-12-24 00:00:00.000,1998-01-08 00:00:00.000,22.60
10794,QUEDE,6,1997-12-24 00:00:00.000,1998-01-02 00:00:00.000,107.45
10795,ERNSH,8,1997-12-24 00:00:00.000,1998-01-20 00:00:00.000,633.30
10796,HILAA,3,1997-12-25 00:00:00.000,1998-01-14 00:00:00.000,132.60
10797,DRACD,7,1997-12-25 00:00:00.000,1998-01-05 00:00:00.000,166.75
10798,ISLAT,2,1997-12-26 00:00:00.000,1998-01-05 00:00:00.000,11.65
10799,KOENE,9,1997-12-26 00:00:00.000,1998-01-05 00:00:00.000,153.80
10800,SEVES,1,1997-12-26 00:00:00.000,1998-01-05 00:00:00.000,687.20
10801,BOLID,4,1997-12-29 00:00:00.000,1997-12-31 00:00:00.000,485.45
10802,SIMOB,4,1997-12-29 00:00:00.000,1998-01-02 00:00:00.000,1286.30
10803,WELLI,4,1997-12-30 00:00:00.000,1998-01-06 00:00:00.000,276.15
10804,SEVES,6,1997-12-30 00:00:00.000,1998-01-07 00:00:00.000,136.65
10805,THEBI,2,1997-12-30 00:00:00.000,1998-01-09 00:00:00.000,1186.70
10806,VICTE,3,1997-12-31 00:00:00.000,1998-01-05 00:00:00.000,110.55
10807,FRANS,4,1997-12-31 00:00:00.000,1998-01-30 00:00:00.000,6.80
10808,OLDWO,2,1998-01-01 00:00:00.000,1998-09-01 00:00:00.000,227.65
10809,WELLI,7,1998-01-01 00:00:00.000,1998-07-01 00:00:00.000,24.35
10810,LAUGB,2,1998-01-01 00:00:00.000,1998-07-01 00:00:00.000,21.65
10811,LINOD,8,1998-02-01 00:00:00.000,1998-08-01 00:00:00.000,156.10
10812,REGGC,5,1998-02-01 00:00:00.000,1998-12-01 00:00:00.000,298.90
10813,RICAR,1,1998-05-01 00:00:00.000,1998-09-01 00:00:00.000,236.90
10814,VICTE,3,1998-01-05 00:00:00.000,1998-01-14 00:00:00.000,654.70
10815,SAVEA,2,1998-01-05 00:00:00.000,1998-01-14 00:00:00.000,73.10
10816,GREAL,4,1998-06-01 00:00:00.000,1998-04-02 00:00:00.000,3598.90
10817,KOENE,3,1998-01-06 00:00:00.000,1998-01-13 00:00:00.000,1530.35
10818,MAGAA,7,1998-07-01 00:00:00.000,1998-12-01 00:00:00.000,327.40
10819,CACTU,2,1998-01-07 00:00:00.000,1998-01-16 00:00:00.000,98.80
10820,RATTC,3,1998-01-07 00:00:00.000,1998-01-13 00:00:00.000,187.60
10821,SPLIR,1,1998-01-08 00:00:00.000,1998-01-15 00:00:00.000,183.40
10822,TRAIH,6,1998-01-08 00:00:00.000,1998-01-16 00:00:00.000,0.35
10823,LILAS,5,1998-01-09 00:00:00.000,1998-01-13 00:00:00.000,819.85
10824,FOLKO,8,1998-01-09 00:00:00.000,1998-01-30 00:00:00.000,6.15
10825,DRACD,1,1998-01-09 00:00:00.000,1998-01-14 00:00:00.000,396.25
10826,BLONP,6,1998-12-01 00:00:00.000,1998-06-02 00:00:00.000,35.45
10827,BONAP,1,1998-12-01 00:00:00.000,1998-06-02 00:00:00.000,317.70
10828,RANCH,9,1998-01-13 00:00:00.000,1998-02-04 00:00:00.000,454.25
10829,ISLAT,9,1998-01-13 00:00:00.000,1998-01-23 00:00:00.000,773.60
10830,TRADH,4,1998-01-13 00:00:00.000,1998-01-21 00:00:00.000,409.15
10831,SANTG,3,1998-01-14 00:00:00.000,1998-01-23 00:00:00.000,360.95
10832,LAMAI,2,1998-01-14 00:00:00.000,1998-01-19 00:00:00.000,216.30
10833,OTTIK,6,1998-01-15 00:00:00.000,1998-01-23 00:00:00.000,357.45
10834,TRADH,1,1998-01-15 00:00:00.000,1998-01-19 00:00:00.000,148.90
10835,ALFKI,1,1998-01-15 00:00:00.000,1998-01-21 00:00:00.000,347.65
10836,ERNSH,7,1998-01-16 00:00:00.000,1998-01-21 00:00:00.000,2059.40
10837,BERGS,9,1998-01-16 00:00:00.000,1998-01-23 00:00:00.000,66.60
10838,LINOD,3,1998-01-19 00:00:00.000,1998-01-23 00:00:00.000,296.40
10839,TRADH,3,1998-01-19 00:00:00.000,1998-01-22 00:00:00.000,177.15
10840,LINOD,4,1998-01-19 00:00:00.000,1998-02-16 00:00:00.000,13.55
10841,SUPRD,5,1998-01-20 00:00:00.000,1998-01-29 00:00:00.000,2121.50
10842,TORTU,1,1998-01-20 00:00:00.000,1998-01-29 00:00:00.000,272.10
10843,VICTE,4,1998-01-21 00:00:00.000,1998-01-26 00:00:00.000,46.30
10844,PICCO,8,1998-01-21 00:00:00.000,1998-01-26 00:00:00.000,126.10
10845,QUICK,8,1998-01-21 00:00:00.000,1998-01-30 00:00:00.000,1064.90
10846,SUPRD,2,1998-01-22 00:00:00.000,1998-01-23 00:00:00.000,282.30
10847,SAVEA,4,1998-01-22 00:00:00.000,1998-02-10 00:00:00.000,2437.85
10848,CONSH,7,1998-01-23 00:00:00.000,1998-01-29 00:00:00.000,191.20
10849,KOENE,9,1998-01-23 00:00:00.000,1998-01-30 00:00:00.000,2.80
10850,VICTE,1,1998-01-23 00:00:00.000,1998-01-30 00:00:00.000,245.95
10851,RICAR,5,1998-01-26 00:00:00.000,1998-02-02 00:00:00.000,802.75
10852,RATTC,8,1998-01-26 00:00:00.000,1998-01-30 00:00:00.000,870.25
10853,BLAUS,9,1998-01-27 00:00:00.000,1998-02-03 00:00:00.000,269.15
10854,ERNSH,3,1998-01-27 00:00:00.000,1998-02-05 00:00:00.000,501.10
10855,OLDWO,3,1998-01-27 00:00:00.000,1998-02-04 00:00:00.000,854.85
10856,ANTON,3,1998-01-28 00:00:00.000,1998-02-10 00:00:00.000,292.15
10857,BERGS,8,1998-01-28 00:00:00.000,1998-02-06 00:00:00.000,944.25
10858,LACOR,2,1998-01-29 00:00:00.000,1998-02-03 00:00:00.000,262.55
10859,FRANK,1,1998-01-29 00:00:00.000,1998-02-02 00:00:00.000,380.50
10860,FRANR,3,1998-01-29 00:00:00.000,1998-02-04 00:00:00.000,96.30
10861,WHITC,4,1998-01-30 00:00:00.000,1998-02-17 00:00:00.000,74.65
10862,LEHMS,8,1998-01-30 00:00:00.000,1998-02-02 00:00:00.000,266.15
10863,HILAA,4,1998-02-02 00:00:00.000,1998-02-17 00:00:00.000,151.30
10864,AROUT,4,1998-02-02 00:00:00.000,1998-09-02 00:00:00.000,15.20
10865,QUICK,2,1998-02-02 00:00:00.000,1998-12-02 00:00:00.000,1740.70
10866,BERGS,5,1998-03-02 00:00:00.000,1998-12-02 00:00:00.000,545.55
10867,LONEP,6,1998-03-02 00:00:00.000,1998-11-02 00:00:00.000,9.65
10868,QUEEN,7,1998-02-04 00:00:00.000,1998-02-23 00:00:00.000,956.35
10869,SEVES,5,1998-04-02 00:00:00.000,1998-09-02 00:00:00.000,716.40
10870,WOLZA,5,1998-02-04 00:00:00.000,1998-02-13 00:00:00.000,60.20
10871,BONAP,9,1998-05-02 00:00:00.000,1998-10-02 00:00:00.000,561.35
10872,GODOS,5,1998-05-02 00:00:00.000,1998-09-02 00:00:00.000,876.60
10873,WILMK,4,1998-06-02 00:00:00.000,1998-09-02 00:00:00.000,4.10
10874,GODOS,5,1998-06-02 00:00:00.000,1998-11-02 00:00:00.000,97.90
10875,BERGS,4,1998-06-02 00:00:00.000,1998-03-03 00:00:00.000,161.85
10876,BONAP,7,1998-09-02 00:00:00.000,1998-12-02 00:00:00.000,302.10
10877,RICAR,1,1998-02-09 00:00:00.000,1998-02-19 00:00:00.000,190.30
10878,QUICK,4,1998-10-02 00:00:00.000,1998-12-02 00:00:00.000,233.45
10879,WILMK,3,1998-10-02 00:00:00.000,1998-12-02 00:00:00.000,42.50
10880,FOLKO,7,1998-02-10 00:00:00.000,1998-02-18 00:00:00.000,440.05
10881,CACTU,4,1998-02-11 00:00:00.000,1998-02-18 00:00:00.000,14.20
10882,SAVEA,4,1998-02-11 00:00:00.000,1998-02-20 00:00:00.000,115.50
10883,LONEP,8,1998-02-12 00:00:00.000,1998-02-20 00:00:00.000,2.65
10884,LETSS,4,1998-02-12 00:00:00.000,1998-02-13 00:00:00.000,454.85
10885,SUPRD,6,1998-02-12 00:00:00.000,1998-02-18 00:00:00.000,28.20
10886,HANAR,1,1998-02-13 00:00:00.000,1998-03-02 00:00:00.000,24.95
10887,GALED,8,1998-02-13 00:00:00.000,1998-02-16 00:00:00.000,6.25
10888,GODOS,1,1998-02-16 00:00:00.000,1998-02-23 00:00:00.000,259.35
10889,RATTC,9,1998-02-16 00:00:00.000,1998-02-23 00:00:00.000,1403.05
10890,DUMON,7,1998-02-16 00:00:00.000,1998-02-18 00:00:00.000,163.80
10891,LEHMS,7,1998-02-17 00:00:00.000,1998-02-19 00:00:00.000,101.85
10892,MAISD,4,1998-02-17 00:00:00.000,1998-02-19 00:00:00.000,601.35
10893,KOENE,9,1998-02-18 00:00:00.000,1998-02-20 00:00:00.000,388.90
10894,SAVEA,1,1998-02-18 00:00:00.000,1998-02-20 00:00:00.000,580.65
10895,ERNSH,3,1998-02-18 00:00:00.000,1998-02-23 00:00:00.000,813.75
10896,MAISD,7,1998-02-19 00:00:00.000,1998-02-27 00:00:00.000,162.25
10897,HUNGO,3,1998-02-19 00:00:00.000,1998-02-25 00:00:00.000,3017.70
10898,OCEAN,4,1998-02-20 00:00:00.000,1998-03-06 00:00:00.000,6.35
10899,LILAS,5,1998-02-20 00:00:00.000,1998-02-26 00:00:00.000,6.05
10900,WELLI,1,1998-02-20 00:00:00.000,1998-03-04 00:00:00.000,8.30
10901,HILAA,4,1998-02-23 00:00:00.000,1998-02-26 00:00:00.000,310.45
10902,FOLKO,1,1998-02-23 00:00:00.000,1998-03-03 00:00:00.000,220.75
10903,HANAR,3,1998-02-24 00:00:00.000,1998-03-04 00:00:00.000,183.55
10904,WHITC,3,1998-02-24 00:00:00.000,1998-02-27 00:00:00.000,814.75
10905,WELLI,9,1998-02-24 00:00:00.000,1998-03-06 00:00:00.000,68.60
10906,WOLZA,4,1998-02-25 00:00:00.000,1998-03-03 00:00:00.000,131.45
10907,SPECD,6,1998-02-25 00:00:00.000,1998-02-27 00:00:00.000,45.95
10908,REGGC,4,1998-02-26 00:00:00.000,1998-03-06 00:00:00.000,164.80
10909,SANTG,1,1998-02-26 00:00:00.000,1998-03-10 00:00:00.000,265.25
10910,WILMK,1,1998-02-26 00:00:00.000,1998-03-04 00:00:00.000,190.55
10911,GODOS,3,1998-02-26 00:00:00.000,1998-03-05 00:00:00.000,190.95
10912,HUNGO,2,1998-02-26 00:00:00.000,1998-03-18 00:00:00.000,2904.55
10913,QUEEN,4,1998-02-26 00:00:00.000,1998-03-04 00:00:00.000,165.25
10914,QUEEN,6,1998-02-27 00:00:00.000,1998-03-02 00:00:00.000,105.95
10915,TORTU,2,1998-02-27 00:00:00.000,1998-03-02 00:00:00.000,17.55
10916,RANCH,1,1998-02-27 00:00:00.000,1998-03-09 00:00:00.000,318.85
10917,ROMEY,4,1998-02-03 00:00:00.000,1998-11-03 00:00:00.000,41.45
10918,BOTTM,3,1998-02-03 00:00:00.000,1998-11-03 00:00:00.000,244.15
10919,LINOD,2,1998-02-03 00:00:00.000,1998-04-03 00:00:00.000,0.99
10920,AROUT,4,1998-03-03 00:00:00.000,1998-09-03 00:00:00.000,148.05
10921,VAFFE,1,1998-03-03 00:00:00.000,1998-09-03 00:00:00.000,882.40
10922,HANAR,5,1998-03-03 00:00:00.000,1998-05-03 00:00:00.000,313.70
10923,LAMAI,7,1998-03-03 00:00:00.000,1998-03-13 00:00:00.000,341.30
10924,BERGS,3,1998-04-03 00:00:00.000,1998-08-04 00:00:00.000,757.60
10925,HANAR,3,1998-03-04 00:00:00.000,1998-03-13 00:00:00.000,11.35
10926,ANATR,4,1998-04-03 00:00:00.000,1998-11-03 00:00:00.000,199.60
10927,LACOR,4,1998-05-03 00:00:00.000,1998-08-04 00:00:00.000,98.95
10928,GALED,1,1998-03-05 00:00:00.000,1998-03-18 00:00:00.000,6.80
10929,FRANK,6,1998-05-03 00:00:00.000,1998-12-03 00:00:00.000,169.65
10930,SUPRD,4,1998-03-06 00:00:00.000,1998-03-18 00:00:00.000,77.75
10931,RICSU,4,1998-03-06 00:00:00.000,1998-03-19 00:00:00.000,0.68
10932,BONAP,8,1998-03-06 00:00:00.000,1998-03-24 00:00:00.000,673.20
10933,ISLAT,6,1998-03-06 00:00:00.000,1998-03-16 00:00:00.000,270.75
10934,LEHMS,3,1998-09-03 00:00:00.000,1998-12-03 00:00:00.000,160.05
10935,WELLI,4,1998-03-09 00:00:00.000,1998-03-18 00:00:00.000,237.95
10936,GREAL,3,1998-03-09 00:00:00.000,1998-03-18 00:00:00.000,168.40
10937,CACTU,7,1998-03-10 00:00:00.000,1998-03-13 00:00:00.000,157.55
10938,QUICK,3,1998-03-10 00:00:00.000,1998-03-16 00:00:00.000,159.45
10939,MAGAA,2,1998-03-10 00:00:00.000,1998-03-13 00:00:00.000,381.65
10940,BONAP,8,1998-03-11 00:00:00.000,1998-03-23 00:00:00.000,98.85
10941,SAVEA,7,1998-03-11 00:00:00.000,1998-03-20 00:00:00.000,2004.05
10942,REGGC,9,1998-03-11 00:00:00.000,1998-03-18 00:00:00.000,89.75
10943,BSBEV,4,1998-03-11 00:00:00.000,1998-03-19 00:00:00.000,10.85
10944,BOTTM,6,1998-03-12 00:00:00.000,1998-03-13 00:00:00.000,264.60
10945,MORGK,4,1998-03-12 00:00:00.000,1998-03-18 00:00:00.000,51.10
10946,VAFFE,1,1998-03-12 00:00:00.000,1998-03-19 00:00:00.000,1.36
10947,BSBEV,3,1998-03-13 00:00:00.000,1998-03-16 00:00:00.000,16.30
10948,GODOS,3,1998-03-13 00:00:00.000,1998-03-19 00:00:00.000,116.95
10949,BOTTM,2,1998-03-13 00:00:00.000,1998-03-17 00:00:00.000,372.20
10950,MAGAA,1,1998-03-16 00:00:00.000,1998-03-23 00:00:00.000,12.50
10951,RICSU,9,1998-03-16 00:00:00.000,1998-04-07 00:00:00.000,154.25
10952,ALFKI,1,1998-03-16 00:00:00.000,1998-03-24 00:00:00.000,202.10
10953,AROUT,9,1998-03-16 00:00:00.000,1998-03-25 00:00:00.000,118.60
10954,LINOD,5,1998-03-17 00:00:00.000,1998-03-20 00:00:00.000,139.55
10955,FOLKO,8,1998-03-17 00:00:00.000,1998-03-20 00:00:00.000,16.30
10956,BLAUS,6,1998-03-17 00:00:00.000,1998-03-20 00:00:00.000,223.25
10957,HILAA,8,1998-03-18 00:00:00.000,1998-03-27 00:00:00.000,526.80
10958,OCEAN,7,1998-03-18 00:00:00.000,1998-03-27 00:00:00.000,247.80
10959,GOURL,6,1998-03-18 00:00:00.000,1998-03-23 00:00:00.000,24.90
10960,HILAA,3,1998-03-19 00:00:00.000,1998-04-08 00:00:00.000,10.40
10961,QUEEN,8,1998-03-19 00:00:00.000,1998-03-30 00:00:00.000,522.35
10962,QUICK,8,1998-03-19 00:00:00.000,1998-03-23 00:00:00.000,1378.95
10963,FURIB,9,1998-03-19 00:00:00.000,1998-03-26 00:00:00.000,13.50
10964,SPECD,3,1998-03-20 00:00:00.000,1998-03-24 00:00:00.000,436.90
10965,OLDWO,6,1998-03-20 00:00:00.000,1998-03-30 00:00:00.000,721.90
10966,CHOPS,4,1998-03-20 00:00:00.000,1998-04-08 00:00:00.000,135.95
10967,TOMSP,2,1998-03-23 00:00:00.000,1998-04-02 00:00:00.000,311.10
10968,ERNSH,1,1998-03-23 00:00:00.000,1998-04-01 00:00:00.000,3.73
10969,COMMI,1,1998-03-23 00:00:00.000,1998-03-30 00:00:00.000,1.05
10970,BOLID,9,1998-03-24 00:00:00.000,1998-04-24 00:00:00.000,80.80
10971,FRANR,2,1998-03-24 00:00:00.000,1998-04-02 00:00:00.000,609.10
10972,LACOR,4,1998-03-24 00:00:00.000,1998-03-26 00:00:00.000,0.10
10973,LACOR,6,1998-03-24 00:00:00.000,1998-03-27 00:00:00.000,75.85
10974,SPLIR,3,1998-03-25 00:00:00.000,1998-04-03 00:00:00.000,64.80
10975,BOTTM,1,1998-03-25 00:00:00.000,1998-03-27 00:00:00.000,161.35
10976,HILAA,1,1998-03-25 00:00:00.000,1998-04-03 00:00:00.000,189.85
10977,FOLKO,8,1998-03-26 00:00:00.000,1998-04-10 00:00:00.000,1042.50
10978,MAISD,9,1998-03-26 00:00:00.000,1998-04-23 00:00:00.000,164.10
10979,ERNSH,8,1998-03-26 00:00:00.000,1998-03-31 00:00:00.000,1765.35
10980,FOLKO,4,1998-03-27 00:00:00.000,1998-04-17 00:00:00.000,6.30
10981,HANAR,1,1998-03-27 00:00:00.000,1998-04-02 00:00:00.000,966.85
10982,BOTTM,2,1998-03-27 00:00:00.000,1998-04-08 00:00:00.000,70.05
10983,SAVEA,2,1998-03-27 00:00:00.000,1998-04-06 00:00:00.000,3287.70
10984,SAVEA,1,1998-03-30 00:00:00.000,1998-04-03 00:00:00.000,1056.10
10985,HUNGO,2,1998-03-30 00:00:00.000,1998-04-02 00:00:00.000,457.55
10986,OCEAN,8,1998-03-30 00:00:00.000,1998-04-21 00:00:00.000,1089.30
10987,EASTC,8,1998-03-31 00:00:00.000,1998-04-06 00:00:00.000,927.40
10988,RATTC,3,1998-03-31 00:00:00.000,1998-04-10 00:00:00.000,305.70
10989,QUEDE,2,1998-03-31 00:00:00.000,1998-04-02 00:00:00.000,173.80
10990,ERNSH,2,1998-01-04 00:00:00.000,1998-07-04 00:00:00.000,588.05
10991,QUICK,1,1998-01-04 00:00:00.000,1998-07-04 00:00:00.000,192.55
10992,THEBI,1,1998-01-04 00:00:00.000,1998-03-04 00:00:00.000,21.35
10993,FOLKO,7,1998-01-04 00:00:00.000,1998-10-04 00:00:00.000,44.05
10994,VAFFE,2,1998-02-04 00:00:00.000,1998-09-04 00:00:00.000,327.65
10995,PERIC,1,1998-02-04 00:00:00.000,1998-06-04 00:00:00.000,2.30
10996,QUICK,4,1998-02-04 00:00:00.000,1998-10-04 00:00:00.000,5.60
10997,LILAS,8,1998-04-03 00:00:00.000,1998-04-13 00:00:00.000,369.55
10998,WOLZA,8,1998-04-03 00:00:00.000,1998-04-17 00:00:00.000,101.55
10999,OTTIK,6,1998-03-04 00:00:00.000,1998-10-04 00:00:00.000,481.75
11000,RATTC,2,1998-04-06 00:00:00.000,1998-04-14 00:00:00.000,275.60
11001,FOLKO,2,1998-04-06 00:00:00.000,1998-04-14 00:00:00.000,986.50
11002,SAVEA,4,1998-04-06 00:00:00.000,1998-04-16 00:00:00.000,705.80
11003,THECR,3,1998-06-04 00:00:00.000,1998-08-04 00:00:00.000,74.55
11004,MAISD,3,1998-04-07 00:00:00.000,1998-04-20 00:00:00.000,224.20
11005,WILMK,2,1998-07-04 00:00:00.000,1998-10-04 00:00:00.000,3.75
11006,GREAL,3,1998-04-07 00:00:00.000,1998-04-15 00:00:00.000,125.95
11007,PRINI,8,1998-04-08 00:00:00.000,1998-04-13 00:00:00.000,1011.20
11008,ERNSH,7,1998-08-04 00:00:00.000,2000-01-01 00:00:00.000,397.30
11009,GODOS,2,1998-08-04 00:00:00.000,1998-10-04 00:00:00.000,295.55
11010,REGGC,2,1998-04-09 00:00:00.000,1998-04-21 00:00:00.000,143.55
11011,ALFKI,3,1998-04-09 00:00:00.000,1998-04-13 00:00:00.000,6.05
11012,FRANK,1,1998-04-09 00:00:00.000,1998-04-17 00:00:00.000,1214.75
11013,ROMEY,2,1998-09-04 00:00:00.000,1998-10-04 00:00:00.000,164.95
11014,LINOD,2,1998-04-10 00:00:00.000,1998-04-15 00:00:00.000,1.18
11015,SANTG,2,1998-04-10 00:00:00.000,1998-04-20 00:00:00.000,23.10
11016,AROUT,9,1998-04-10 00:00:00.000,1998-04-13 00:00:00.000,1.69
11017,ERNSH,9,1998-04-13 00:00:00.000,1998-04-20 00:00:00.000,3771.30
11018,LONEP,4,1998-04-13 00:00:00.000,1998-04-16 00:00:00.000,58.25
11019,RANCH,6,1998-04-13 00:00:00.000,2000-01-01 00:00:00.000,15.85
11020,OTTIK,2,1998-04-14 00:00:00.000,1998-04-16 00:00:00.000,216.50
11021,QUICK,3,1998-04-14 00:00:00.000,1998-04-21 00:00:00.000,1485.90
11022,HANAR,9,1998-04-14 00:00:00.000,1998-05-04 00:00:00.000,31.35
11023,BSBEV,1,1998-04-14 00:00:00.000,1998-04-24 00:00:00.000,619.15
11024,EASTC,4,1998-04-15 00:00:00.000,1998-04-20 00:00:00.000,371.80
11025,WARTH,6,1998-04-15 00:00:00.000,1998-04-24 00:00:00.000,145.85
11026,FRANS,4,1998-04-15 00:00:00.000,1998-04-28 00:00:00.000,235.45
11027,BOTTM,1,1998-04-16 00:00:00.000,1998-04-20 00:00:00.000,262.60
11028,KOENE,2,1998-04-16 00:00:00.000,1998-04-22 00:00:00.000,147.95
11029,CHOPS,4,1998-04-16 00:00:00.000,1998-04-27 00:00:00.000,239.20
11030,SAVEA,7,1998-04-17 00:00:00.000,1998-04-27 00:00:00.000,4153.75
11031,SAVEA,6,1998-04-17 00:00:00.000,1998-04-24 00:00:00.000,1136.10
11032,WHITC,2,1998-04-17 00:00:00.000,1998-04-23 00:00:00.000,3030.95
11033,RICSU,7,1998-04-17 00:00:00.000,1998-04-23 00:00:00.000,423.70
11034,OLDWO,8,1998-04-20 00:00:00.000,1998-04-27 00:00:00.000,201.60
11035,SUPRD,2,1998-04-20 00:00:00.000,1998-04-24 00:00:00.000,0.85
11036,DRACD,8,1998-04-20 00:00:00.000,1998-04-22 00:00:00.000,747.35
11037,GODOS,7,1998-04-21 00:00:00.000,1998-04-27 00:00:00.000,0.16
11038,SUPRD,1,1998-04-21 00:00:00.000,1998-04-30 00:00:00.000,147.95
11039,LINOD,1,1998-04-21 00:00:00.000,2000-01-01 00:00:00.000,3.25
11040,GREAL,4,1998-04-22 00:00:00.000,2000-01-01 00:00:00.000,94.20
11041,CHOPS,3,1998-04-22 00:00:00.000,1998-04-28 00:00:00.000,241.10
11042,COMMI,2,1998-04-22 00:00:00.000,1998-05-01 00:00:00.000,149.95
11043,SPECD,5,1998-04-22 00:00:00.000,1998-04-29 00:00:00.000,0.44
11044,WOLZA,4,1998-04-23 00:00:00.000,1998-05-01 00:00:00.000,43.60
11045,BOTTM,6,1998-04-23 00:00:00.000,2000-01-01 00:00:00.000,352.90
11046,WANDK,8,1998-04-23 00:00:00.000,1998-04-24 00:00:00.000,358.20
11047,EASTC,7,1998-04-24 00:00:00.000,1998-05-01 00:00:00.000,233.10
11048,BOTTM,7,1998-04-24 00:00:00.000,1998-04-30 00:00:00.000,120.60
11049,GOURL,3,1998-04-24 00:00:00.000,1998-05-04 00:00:00.000,41.70
11050,FOLKO,8,1998-04-27 00:00:00.000,1998-05-05 00:00:00.000,297.05
11051,LAMAI,7,1998-04-27 00:00:00.000,2000-01-01 00:00:00.000,13.95
11052,HANAR,3,1998-04-27 00:00:00.000,1998-05-01 00:00:00.000,336.30
11053,PICCO,2,1998-04-27 00:00:00.000,1998-04-29 00:00:00.000,265.25
11054,CACTU,8,1998-04-28 00:00:00.000,2000-01-01 00:00:00.000,1.65
11055,HILAA,7,1998-04-28 00:00:00.000,1998-05-05 00:00:00.000,604.60
11056,EASTC,8,1998-04-28 00:00:00.000,1998-05-01 00:00:00.000,1394.80
11057,NORTS,3,1998-04-29 00:00:00.000,1998-05-01 00:00:00.000,20.65
11058,BLAUS,9,1998-04-29 00:00:00.000,2000-01-01 00:00:00.000,155.70
11059,RICAR,2,1998-04-29 00:00:00.000,2000-01-01 00:00:00.000,4.29
11060,FRANS,2,1998-04-30 00:00:00.000,1998-05-04 00:00:00.000,54.90
11061,GREAL,4,1998-04-30 00:00:00.000,2000-01-01 00:00:00.000,70.05
11062,REGGC,4,1998-04-30 00:00:00.000,2000-01-01 00:00:00.000,149.65
11063,HUNGO,3,1998-04-30 00:00:00.000,1998-05-06 00:00:00.000,408.65
11064,SAVEA,1,1998-01-05 00:00:00.000,1998-04-05 00:00:00.000,150.45
11065,LILAS,8,1998-01-05 00:00:00.000,2000-01-01 00:00:00.000,64.55
11066,WHITC,7,1998-01-05 00:00:00.000,1998-04-05 00:00:00.000,223.60
11067,DRACD,1,1998-04-05 00:00:00.000,1998-06-05 00:00:00.000,39.90
11068,QUEEN,8,1998-04-05 00:00:00.000,2000-01-01 00:00:00.000,408.75
11069,TORTU,1,1998-04-05 00:00:00.000,1998-06-05 00:00:00.000,78.35
11070,LEHMS,2,1998-05-05 00:00:00.000,2000-01-01 00:00:00.000,6.80
11071,LILAS,1,1998-05-05 00:00:00.000,2000-01-01 00:00:00.000,4.65
11072,ERNSH,4,1998-05-05 00:00:00.000,2000-01-01 00:00:00.000,1293.20
11073,PERIC,2,1998-05-05 00:00:00.000,2000-01-01 00:00:00.000,124.75
11074,SIMOB,7,1998-06-05 00:00:00.000,2000-01-01 00:00:00.000,92.20
11075,RICSU,8,1998-06-05 00:00:00.000,2000-01-01 00:00:00.000,30.95
11076,BONAP,4,1998-06-05 00:00:00.000,2000-01-01 00:00:00.000,191.40
11077,RATTC,1,1998-06-05 00:00:00.000,2000-01-01 00:00:00.000,42.65
