CREATE TABLE dbo.CATEGORIES (
	CODE_CATEGORIE numeric(5) NOT NULL,
	NOM_CATEGORIE varchar(25) NOT NULL,
	DESCRIPTION varchar(100) NOT NULL
);

ALTER TABLE dbo.CATEGORIES ADD CONSTRAINT PK_CATEGORIES PRIMARY KEY (CODE_CATEGORIE);

-- Add 8 rows for CATEGORIES.
INSERT INTO CATEGORIES (CODE_CATEGORIE, NOM_CATEGORIE, DESCRIPTION) VALUES 
(1,'Boissons','Boissons, cafÈs, thÈs, biËres'),
(2,'Condiments','Sauces, assaisonnements et Èpices'),
(3,'Desserts','Desserts et friandises'),
(4,'Produits laitiers','Fromages'),
(5,'P‚tes et cÈrÈales','Pains, biscuits, p‚tes et cÈrÈales'),
(6,'Viandes','Viandes prÈparÈes'),
(7,'Produits secs','Fruits secs, raisins, autres'),
(8,'Poissons et fruits de mer','Poissons, fruits de mer, escargots');

CREATE TABLE dbo.CLIENTS (
	CODE_CLIENT char(5) NOT NULL,
	SOCIETE varchar(40) NOT NULL,
	ADRESSE varchar(60) NOT NULL,
	VILLE varchar(15) NOT NULL,
	CODE_POSTAL varchar(10) NOT NULL,
	PAYS varchar(15) NOT NULL,
	TELEPHONE varchar(24) NOT NULL,
	FAX varchar(24) NULL
);

ALTER TABLE dbo.CLIENTS ADD CONSTRAINT PK_CLIENTS PRIMARY KEY (CODE_CLIENT);

-- Add 91 rows for CLIENTS.
INSERT INTO CLIENTS (CODE_CLIENT, SOCIETE, ADRESSE, VILLE, CODE_POSTAL, PAYS, TELEPHONE, FAX) VALUES 
('ALFKI','Alfreds Futterkiste','Obere Str. 57','Berlin','12209','Allemagne','030-0074321','030-0076545'),
('ANATR','Ana Trujillo Emparedados y helados','Avda. de la ConstituciÛn 2222','MÈxico D.F.','05021','Mexique','(5) 555-4729','(5) 555-3745'),
('ANTON','Antonio Moreno TaquerÌa','Mataderos  2312','MÈxico D.F.','05023','Mexique','(5) 555-3932',''),
('AROUT','Around the Horn','120 Hanover Sq.','London','WA1 1DP','Royaume-Uni','(71) 555-7788','(71) 555-6750'),
('BERGS','Berglunds snabbkˆp','Berguvsv‰gen  8','LuleÂ','S-958 22','SuËde','0921-12 34 65','0921-12 34 67'),
('BLAUS','Blauer See Delikatessen','Forsterstr. 57','Mannheim','68306','Allemagne','0621-08460','0621-08924'),
('BLONP','Blondel pËre et fils','24, place KlÈber','Strasbourg','67000','France','03.88.60.15.31','03.88.60.15.32'),
('BOLID','BÛlido Comidas preparadas','C/ Araquil, 67','Madrid','28023','Espagne','(91) 555 22 82','(91) 555 91 99'),
('BONAP','Bon app''','12, rue des Bouchers','Marseille','13008','France','04.91.24.45.40','04.91.24.45.41'),
('BOTTM','Bottom-Dollar Markets','23 Tsawassen Blvd.','Tsawassen','T2F 8M4','Canada','(604) 555-4729','(604) 555-3745'),
('BSBEV','B''s Beverages','Fauntleroy Circus','London','EC2 5NT','Royaume-Uni','(71) 555-1212',''),
('CACTU','Cactus Comidas para llevar','Cerrito 333','Buenos Aires','1010','Argentine','(1) 135-5555','(1) 135-4892'),
('CENTC','Centro comercial Moctezuma','Sierras de Granada 9993','MÈxico D.F.','05022','Mexique','(5) 555-3392','(5) 555-7293'),
('CHOPS','Chop-suey Chinese','Hauptstr. 29','Bern','3012','Suisse','0452-076545',''),
('COMMI','ComÈrcio Mineiro','Av. dos LusÌadas, 23','S„o Paulo','05432-043','BrÈsil','(11) 555-7647',''),
('CONSH','Consolidated Holdings','Berkeley Gardens12  Brewery ','London','WX1 6LT','Royaume-Uni','(71) 555-2282','(71) 555-9199'),
('DRACD','Drachenblut Delikatessen','Walserweg 21','Aachen','52066','Allemagne','0241-039123','0241-059428'),
('DUMON','Du monde entier','67, rue des Cinquante Otages','Nantes','44000','France','02.40.67.88.88','02.40.67.89.89'),
('EASTC','Eastern Connection','35 King George','London','WX3 6FW','Royaume-Uni','(71) 555-0297','(71) 555-3373'),
('ERNSH','Ernst Handel','Kirchgasse 6','Graz','8010','Autriche','7675-3425','7675-3426'),
('FAMIA','Familia Arquibaldo','Rua OrÛs, 92','S„o Paulo','05442-030','BrÈsil','(11) 555-9857',''),
('FISSA','FISSA Fabrica Inter. Salchichas S.A.','C/ Moralzarzal, 86','Madrid','28034','Espagne','(91) 555 94 44','(91) 555 55 93'),
('FOLIG','Folies gourmandes','184, chaussÈe de Tournai','Lille','59000','France','03.20.16.10.16','03.20.16.10.17'),
('FOLKO','Folk och f‰ HB','˜kergatan 24','Br‰cke','S-844 67','SuËde','0695-34 67 21',''),
('FRANK','Frankenversand','Berliner Platz 43','M¸nchen','80805','Allemagne','089-0877310','089-0877451'),
('FRANR','France restauration','54, rue Royale','Nantes','44000','France','02.40.32.21.21','02.40.32.21.20'),
('FRANS','Franchi S.p.A.','Via Monte Bianco 34','Torino','10100','Italie','011-4988260','011-4988261'),
('FURIB','Furia Bacalhau e Frutos do Mar','Jardim das rosas n. 32','Lisboa','1675','Portugal','(1) 354-2534','(1) 354-2535'),
('GALED','GalerÌa del gastrÛnomo','Rambla de CataluÒa, 23','Barcelona','08022','Espagne','(93) 203 4560','(93) 203 4561'),
('GODOS','Godos Cocina TÌpica','C/ Romero, 33','Sevilla','41101','Espagne','(95) 555 82 82',''),
('GOURL','Gourmet Lanchonetes','Av. Brasil, 442','Campinas','04876-786','BrÈsil','(11) 555-9482',''),
('GREAL','Great Lakes Food Market','2732 Baker Blvd.','Eugene','97403','…tats-Unis','(503) 555-7555',''),
('GROSR','GROSELLA-Restaurante','5™ Ave. Los Palos Grandes','Caracas','1081','Venezuela','(2) 283-2951','(2) 283-3397'),
('HANAR','Hanari Carnes','Rua do PaÁo, 67','Rio de Janeiro','05454-876','BrÈsil','(21) 555-0091','(21) 555-8765'),
('HILAA','HILARI”N-Abastos','Carrera 22 con Ave. Carlos Soublette #8-35','San CristÛbal','5022','Venezuela','(5) 555-1340','(5) 555-1948'),
('HUNGC','Hungry Coyote Import Store','City Center Plaza516 Main St.','Elgin','97827','…tats-Unis','(503) 555-6874','(503) 555-2376'),
('HUNGO','Hungry Owl All-Night Grocers','8 Johnstown Road','Cork','2506','Irlande','2967 542','2967 3333'),
('ISLAT','Island Trading','Garden HouseCrowther Way','Cowes','PO31 7PJ','Royaume-Uni','(198) 555-8888',''),
('KOENE','Kˆniglich Essen','Maubelstr. 90','Brandenburg','14776','Allemagne','0555-09876',''),
('LACOR','La corne d''abondance','67, avenue de l''Europe','Versailles','78000','France','01.30.59.84.10','01.30.59.85.11'),
('LAMAI','La maison d''Asie','1 rue Alsace-Lorraine','Toulouse','31000','France','05.61.77.61.10','05.61.77.61.11'),
('LAUGB','Laughing Bacchus Wine Cellars','1900 Oak St.','Vancouver','V3F 2K1','Canada','(604) 555-3392','(604) 555-7293'),
('LAZYK','Lazy K Kountry Store','12 Orchestra Terrace','Walla Walla','99362','…tats-Unis','(509) 555-7969','(509) 555-6221'),
('LEHMS','Lehmanns Marktstand','Magazinweg 7','Frankfurt a.M. ','60528','Allemagne','069-0245984','069-0245874'),
('LETSS','Let''s Stop N Shop','87 Polk St.Suite 5','San Francisco','94117','…tats-Unis','(415) 555-5938',''),
('LILAS','LILA-Supermercado','Carrera 52 con Ave. BolÌvar #65-98 Llano Largo','Barquisimeto','3508','Venezuela','(9) 331-6954','(9) 331-7256'),
('LINOD','LINO-Delicateses','Ave. 5 de Mayo Porlamar','I. de Margarita','4980','Venezuela','(8) 34-56-12','(8) 34-93-93'),
('LONEP','Lonesome Pine Restaurant','89 Chiaroscuro Rd.','Portland','97219','…tats-Unis','(503) 555-9573','(503) 555-9646'),
('MAGAA','Magazzini Alimentari Riuniti','Via Ludovico il Moro 22','Bergamo','24100','Italie','035-640230','035-640231'),
('MAISD','Maison Dewey','Rue Joseph-Bens 532','Bruxelles','B-1180','Belgique','(02) 201 24 67','(02) 201 24 68'),
('MEREP','MËre Paillarde','43 rue St. Laurent','MontrÈal','H1J 1C3','Canada','(514) 555-8054','(514) 555-8055'),
('MORGK','Morgenstern Gesundkost','Heerstr. 22','Leipzig','04179','Allemagne','0342-023176',''),
('NORTS','North/South','South House300 Queensbridge','London','SW7 1RZ','Royaume-Uni','(71) 555-7733','(71) 555-2530'),
('OCEAN','OcÈano Atl·ntico Ltda.','Ing. Gustavo Moncada 8585Piso 20-A','Buenos Aires','1010','Argentine','(1) 135-5333','(1) 135-5535'),
('OLDWO','Old World Delicatessen','2743 Bering St.','Anchorage','99508','…tats-Unis','(907) 555-7584','(907) 555-2880'),
('OTTIK','Ottilies K‰seladen','Mehrheimerstr. 369','Kˆln','50739','Allemagne','0221-0644327','0221-0765721'),
('PARIS','Paris spÈcialitÈs','265, boulevard Charonne','Paris','75012','France','01.42.34.22.66','01.42.34.22.77'),
('PERIC','Pericles Comidas cl·sicas','Calle Dr. Jorge Cash 321','MÈxico D.F.','05033','Mexique','(5) 552-3745','(5) 545-3745'),
('PICCO','Piccolo und mehr','Geislweg 14','Salzburg','5020','Autriche','6562-9722','6562-9723'),
('PRINI','Princesa Isabel Vinhos','Estrada da sa?de n. 58','Lisboa','1756','Portugal','(1) 356-5634',''),
('QUEDE','Que DelÌcia','Rua da Panificadora, 12','Rio de Janeiro','02389-673','BrÈsil','(21) 555-4252','(21) 555-4545'),
('QUEEN','Queen Cozinha','Alameda dos Can‡rios, 891','S„o Paulo','05487-020','BrÈsil','(11) 555-1189',''),
('QUICK','QUICK-Stop','Taucherstra?e 10','Cunewalde','01307','Allemagne','0372-035188',''),
('RANCH','Rancho grande','Av. del Libertador 900','Buenos Aires','1010','Argentine','(1) 123-5555','(1) 123-5556'),
('RATTC','Rattlesnake Canyon Grocery','2817 Milton Dr.','Albuquerque','87110','…tats-Unis','(505) 555-5939','(505) 555-3620'),
('REGGC','Reggiani Caseifici','Strada Provinciale 124','Reggio Emilia','42100','Italie','0522-556721','0522-556722'),
('RICAR','Ricardo Adocicados','Av. Copacabana, 267','Rio de Janeiro','02389-890','BrÈsil','(21) 555-3412',''),
('RICSU','Richter Supermarkt','Grenzacherweg 237','GenËve','1203','Suisse','0897-034214',''),
('ROMEY','Romero y tomillo','Gran VÌa, 1','Madrid','28001','Espagne','(91) 745 6200','(91) 745 6210'),
('SANTG','SantÈ Gourmet','Erling Skakkes gate 78','Stavern','4110','NorvËge','07-98 92 35','07-98 92 47'),
('SAVEA','Save-a-lot Markets','187 Suffolk Ln.','Boise','83720','…tats-Unis','(208) 555-8097',''),
('SEVES','Seven Seas Imports','90 Wadhurst Rd.','London','OX15 4NB','Royaume-Uni','(71) 555-1717','(71) 555-5646'),
('SIMOB','Simons bistro','VinbÊltet 34','K¯benhavn','1734','Danemark','31 12 34 56','31 13 35 57'),
('SPECD','SpÈcialitÈs du monde','25, rue Lauriston','Paris','75016','France','01.47.55.60.10','01.47.55.60.20'),
('SPLIR','Split Rail Beer  Ale','P.O. Box 555','Lander','82520','…tats-Unis','(307) 555-4680','(307) 555-6525'),
('SUPRD','SuprÍmes dÈlices','Boulevard Tirou, 255','Charleroi','B-6000','Belgique','(071) 23 67 22 20','(071) 23 67 22 21'),
('THEBI','The Big Cheese','89 Jefferson WaySuite 2','Portland','97201','…tats-Unis','(503) 555-3612',''),
('THECR','The Cracker Box','55 Grizzly Peak Rd.','Butte','59801','…tats-Unis','(406) 555-5834','(406) 555-8083'),
('TOMSP','Toms Spezialit‰ten','Luisenstr. 48','M¸nster','44087','Allemagne','0251-031259','0251-035695'),
('TORTU','Tortuga Restaurante','Avda. Azteca 123','MÈxico D.F.','05033','Mexique','(5) 555-2933',''),
('TRADH','TradiÁ„o Hipermercados','Av. InÍs de Castro, 414','S„o Paulo','05634-030','BrÈsil','(11) 555-2167','(11) 555-2168'),
('TRAIH','Trail''s Head Gourmet Provisioners','722 DaVinci Blvd.','Kirkland','98034','…tats-Unis','(206) 555-8257','(206) 555-2174'),
('VAFFE','Vaffeljernet','Smagsl¯get 45','˜rhus','8200','Danemark','86 21 32 43','86 22 33 44'),
('VICTE','Victuailles en stock','2, rue du Commerce','Lyon','69004','France','04.78.32.54.86','04.78.32.54.87'),
('VINET','Vins et alcools Chevalier','59 rue de l''Abbaye','Reims','51100','France','03.26.47.15.10','03.26.47.15.11'),
('WANDK','Die Wandernde Kuh','Adenauerallee 900','Stuttgart','70563','Allemagne','0711-020361','0711-035428'),
('WARTH','Wartian Herkku','Torikatu 38','Oulu','90110','Finlande','981-443655','981-443655'),
('WELLI','Wellington Importadora','Rua do Mercado, 12','Resende','08737-363','BrÈsil','(14) 555-8122',''),
('WHITC','White Clover Markets','305 - 14th Ave. S.Suite 3B','Seattle','98128','…tats-Unis','(206) 555-4112','(206) 555-4115'),
('WILMK','Wilman Kala','Keskuskatu 45','Helsinki','21240','Finlande','90-224 8858','90-224 8858'),
('WOLZA','Wolski  Zajazd','ul. Filtrowa 68','Warszawa','01-012','Pologne','(26) 642-7012','(26) 642-7012');

CREATE TABLE dbo.COMMANDES (
	NO_COMMANDE numeric(5) NOT NULL,
	CODE_CLIENT char(5) NOT NULL,
	NO_EMPLOYE numeric(5) NOT NULL,
	DATE_COMMANDE datetime NOT NULL,
	DATE_ENVOI datetime NULL,
	PORT numeric(5) NULL
);

ALTER TABLE dbo.COMMANDES ADD CONSTRAINT PK_COMMANDES PRIMARY KEY (NO_COMMANDE);

-- Add 830 rows for COMMANDES.
INSERT INTO COMMANDES (NO_COMMANDE, CODE_CLIENT, NO_EMPLOYE, DATE_COMMANDE, DATE_ENVOI, PORT) VALUES 
(10248,'VINET',5,'1996-07-04 00:00:00','1996-07-16 00:00:00',161.9),
(10249,'TOMSP',6,'1996-05-07 00:00:00','1996-10-07 00:00:00',58.05),
(10250,'HANAR',4,'1996-08-07 00:00:00','1996-12-07 00:00:00',329.15),
(10251,'VICTE',3,'1996-07-08 00:00:00','1996-07-15 00:00:00',206.7),
(10252,'SUPRD',4,'1996-09-07 00:00:00','1996-11-07 00:00:00',256.5),
(10253,'HANAR',3,'1996-07-10 00:00:00','1996-07-16 00:00:00',290.85),
(10254,'CHOPS',5,'1996-07-11 00:00:00','1996-07-23 00:00:00',114.9),
(10255,'RICSU',9,'1996-07-12 00:00:00','1996-07-15 00:00:00',741.65),
(10256,'WELLI',3,'1996-07-15 00:00:00','1996-07-17 00:00:00',69.85),
(10257,'HILAA',4,'1996-07-16 00:00:00','1996-07-22 00:00:00',409.55),
(10258,'ERNSH',1,'1996-07-17 00:00:00','1996-07-23 00:00:00',702.55),
(10259,'CENTC',4,'1996-07-18 00:00:00','1996-07-25 00:00:00',16.25),
(10260,'OTTIK',4,'1996-07-19 00:00:00','1996-07-29 00:00:00',275.45),
(10261,'QUEDE',4,'1996-07-19 00:00:00','1996-07-30 00:00:00',15.25),
(10262,'RATTC',8,'1996-07-22 00:00:00','1996-07-25 00:00:00',241.45),
(10263,'ERNSH',9,'1996-07-23 00:00:00','1996-07-31 00:00:00',730.3),
(10264,'FOLKO',6,'1996-07-24 00:00:00','1996-08-23 00:00:00',18.35),
(10265,'BLONP',2,'1996-07-25 00:00:00','1996-08-12 00:00:00',276.4),
(10266,'WARTH',3,'1996-07-26 00:00:00','1996-07-31 00:00:00',128.65),
(10267,'FRANK',4,'1996-07-29 00:00:00','1996-08-06 00:00:00',1042.9),
(10268,'GROSR',8,'1996-07-30 00:00:00','1996-08-02 00:00:00',331.45),
(10269,'WHITC',5,'1996-07-31 00:00:00','1996-08-09 00:00:00',22.8),
(10270,'WARTH',1,'1996-01-08 00:00:00','1996-02-08 00:00:00',682.7),
(10271,'SPLIR',6,'1996-08-01 00:00:00','1996-08-30 00:00:00',22.7),
(10272,'RATTC',6,'1996-02-08 00:00:00','1996-06-08 00:00:00',490.15),
(10273,'QUICK',3,'1996-05-08 00:00:00','1996-12-08 00:00:00',380.35),
(10274,'VINET',6,'1996-08-06 00:00:00','1996-08-16 00:00:00',30.05),
(10275,'MAGAA',1,'1996-07-08 00:00:00','1996-09-08 00:00:00',134.65),
(10276,'TORTU',8,'1996-08-08 00:00:00','1996-08-14 00:00:00',69.2),
(10277,'MORGK',2,'1996-08-09 00:00:00','1996-08-13 00:00:00',628.85),
(10278,'BERGS',8,'1996-08-12 00:00:00','1996-08-16 00:00:00',463.45),
(10279,'LEHMS',8,'1996-08-13 00:00:00','1996-08-16 00:00:00',129.15),
(10280,'BERGS',2,'1996-08-14 00:00:00','1996-09-12 00:00:00',44.9),
(10281,'ROMEY',4,'1996-08-14 00:00:00','1996-08-21 00:00:00',14.7),
(10282,'ROMEY',4,'1996-08-15 00:00:00','1996-08-21 00:00:00',63.45),
(10283,'LILAS',3,'1996-08-16 00:00:00','1996-08-23 00:00:00',424.05),
(10284,'LEHMS',4,'1996-08-19 00:00:00','1996-08-27 00:00:00',382.8),
(10285,'QUICK',1,'1996-08-20 00:00:00','1996-08-26 00:00:00',384.15),
(10286,'QUICK',8,'1996-08-21 00:00:00','1996-08-30 00:00:00',1146.2),
(10287,'RICAR',8,'1996-08-22 00:00:00','1996-08-28 00:00:00',63.8),
(10288,'REGGC',4,'1996-08-23 00:00:00','1996-09-03 00:00:00',37.25),
(10289,'BSBEV',7,'1996-08-26 00:00:00','1996-08-28 00:00:00',113.85),
(10290,'COMMI',8,'1996-08-27 00:00:00','1996-09-03 00:00:00',398.5),
(10291,'QUEDE',6,'1996-08-27 00:00:00','1996-09-04 00:00:00',0.32),
(10292,'TRADH',1,'1996-08-28 00:00:00','1996-09-02 00:00:00',6.75),
(10293,'TORTU',1,'1996-08-29 00:00:00','1996-09-11 00:00:00',105.9),
(10294,'RATTC',4,'1996-08-30 00:00:00','1996-09-05 00:00:00',736.3),
(10295,'VINET',2,'1996-02-09 00:00:00','1996-10-09 00:00:00',5.75),
(10296,'LILAS',6,'1996-03-09 00:00:00','1996-11-09 00:00:00',0.6),
(10297,'BLONP',5,'1996-04-09 00:00:00','1996-10-09 00:00:00',28.7),
(10298,'HUNGO',6,'1996-05-09 00:00:00','1996-11-09 00:00:00',841.1),
(10299,'RICAR',4,'1996-09-06 00:00:00','1996-09-13 00:00:00',148.8),
(10300,'MAGAA',2,'1996-09-09 00:00:00','1996-09-18 00:00:00',88.4),
(10301,'WANDK',8,'1996-09-09 00:00:00','1996-09-17 00:00:00',225.4),
(10302,'SUPRD',4,'1996-10-09 00:00:00','1996-09-10 00:00:00',31.35),
(10303,'GODOS',7,'1996-09-11 00:00:00','1996-09-18 00:00:00',539.15),
(10304,'TORTU',1,'1996-09-12 00:00:00','1996-09-17 00:00:00',318.95),
(10305,'OLDWO',8,'1996-09-13 00:00:00','1996-10-09 00:00:00',1288.1),
(10306,'ROMEY',1,'1996-09-16 00:00:00','1996-09-23 00:00:00',37.8),
(10307,'LONEP',2,'1996-09-17 00:00:00','1996-09-25 00:00:00',2.8),
(10308,'ANATR',7,'1996-09-18 00:00:00','1996-09-24 00:00:00',8.05),
(10309,'HUNGO',3,'1996-09-19 00:00:00','1996-10-23 00:00:00',236.5),
(10310,'THEBI',8,'1996-09-20 00:00:00','1996-09-27 00:00:00',87.6),
(10311,'DUMON',1,'1996-09-20 00:00:00','1996-09-26 00:00:00',123.45),
(10312,'WANDK',2,'1996-09-23 00:00:00','1996-10-03 00:00:00',201.3),
(10313,'QUICK',2,'1996-09-24 00:00:00','1996-10-04 00:00:00',9.8),
(10314,'RATTC',1,'1996-09-25 00:00:00','1996-10-04 00:00:00',370.8),
(10315,'ISLAT',4,'1996-09-26 00:00:00','1996-10-03 00:00:00',208.8),
(10316,'RATTC',1,'1996-09-27 00:00:00','1996-10-08 00:00:00',750.75),
(10317,'LONEP',6,'1996-09-30 00:00:00','1996-10-10 00:00:00',63.45),
(10318,'ISLAT',8,'1996-01-10 00:00:00','1996-04-10 00:00:00',23.65),
(10319,'TORTU',7,'1996-02-10 00:00:00','1996-11-10 00:00:00',322.5),
(10320,'WARTH',5,'1996-10-03 00:00:00','1996-10-18 00:00:00',172.85),
(10321,'ISLAT',3,'1996-03-10 00:00:00','1996-11-10 00:00:00',17.15),
(10322,'PERIC',7,'1996-10-04 00:00:00','1996-10-23 00:00:00',0.02),
(10323,'KOENE',4,'1996-10-07 00:00:00','1996-10-14 00:00:00',24.4),
(10324,'SAVEA',9,'1996-08-10 00:00:00','1996-10-10 00:00:00',1071.35),
(10325,'KOENE',1,'1996-10-09 00:00:00','1996-10-14 00:00:00',324.3),
(10326,'BOLID',4,'1996-10-10 00:00:00','1996-10-14 00:00:00',389.6),
(10327,'FOLKO',2,'1996-10-11 00:00:00','1996-10-14 00:00:00',316.8),
(10328,'FURIB',4,'1996-10-14 00:00:00','1996-10-17 00:00:00',435.15),
(10329,'SPLIR',4,'1996-10-15 00:00:00','1996-10-23 00:00:00',958.35),
(10330,'LILAS',3,'1996-10-16 00:00:00','1996-10-28 00:00:00',63.75),
(10331,'BONAP',9,'1996-10-16 00:00:00','1996-10-21 00:00:00',50.95),
(10332,'MEREP',3,'1996-10-17 00:00:00','1996-10-21 00:00:00',264.2),
(10333,'WARTH',5,'1996-10-18 00:00:00','1996-10-25 00:00:00',2.95),
(10334,'VICTE',8,'1996-10-21 00:00:00','1996-10-28 00:00:00',42.8),
(10335,'HUNGO',7,'1996-10-22 00:00:00','1996-10-24 00:00:00',210.55),
(10336,'PRINI',7,'1996-10-23 00:00:00','1996-10-25 00:00:00',77.55),
(10337,'FRANK',4,'1996-10-24 00:00:00','1996-10-29 00:00:00',541.3),
(10338,'OLDWO',4,'1996-10-25 00:00:00','1996-10-29 00:00:00',421.05),
(10339,'MEREP',2,'1996-10-28 00:00:00','1996-11-04 00:00:00',78.3),
(10340,'BONAP',1,'1996-10-29 00:00:00','1996-11-08 00:00:00',831.55),
(10341,'SIMOB',7,'1996-10-29 00:00:00','1996-11-05 00:00:00',133.9),
(10342,'FRANK',4,'1996-10-30 00:00:00','1996-11-04 00:00:00',274.15),
(10343,'LEHMS',4,'1996-10-31 00:00:00','1996-11-06 00:00:00',551.85),
(10344,'WHITC',4,'1996-01-11 00:00:00','1996-05-11 00:00:00',116.45),
(10345,'QUICK',2,'1996-04-11 00:00:00','1996-11-11 00:00:00',1245.3),
(10346,'RATTC',3,'1996-05-11 00:00:00','1996-08-11 00:00:00',710.4),
(10347,'FAMIA',4,'1996-06-11 00:00:00','1996-08-11 00:00:00',15.5),
(10348,'WANDK',4,'1996-11-07 00:00:00','1996-11-15 00:00:00',3.9),
(10349,'SPLIR',7,'1996-11-08 00:00:00','1996-11-15 00:00:00',43.15),
(10350,'LAMAI',6,'1996-11-11 00:00:00','1996-03-12 00:00:00',320.95),
(10351,'ERNSH',1,'1996-11-11 00:00:00','1996-11-20 00:00:00',811.65),
(10352,'FURIB',3,'1996-11-12 00:00:00','1996-11-18 00:00:00',6.5),
(10353,'PICCO',7,'1996-11-13 00:00:00','1996-11-25 00:00:00',1803.15),
(10354,'PERIC',8,'1996-11-14 00:00:00','1996-11-20 00:00:00',2.69),
(10355,'AROUT',6,'1996-11-15 00:00:00','1996-11-20 00:00:00',209.75),
(10356,'WANDK',6,'1996-11-18 00:00:00','1996-11-27 00:00:00',183.55),
(10357,'LILAS',1,'1996-11-19 00:00:00','1996-12-02 00:00:00',174.4),
(10358,'LAMAI',5,'1996-11-20 00:00:00','1996-11-27 00:00:00',98.2),
(10359,'SEVES',5,'1996-11-21 00:00:00','1996-11-26 00:00:00',1442.15),
(10360,'BLONP',4,'1996-11-22 00:00:00','1996-12-02 00:00:00',658.5),
(10361,'QUICK',1,'1996-11-22 00:00:00','1996-12-03 00:00:00',915.85),
(10362,'BONAP',3,'1996-11-25 00:00:00','1996-11-28 00:00:00',480.2),
(10363,'DRACD',4,'1996-11-26 00:00:00','1996-12-04 00:00:00',152.7),
(10364,'EASTC',1,'1996-11-26 00:00:00','1996-12-04 00:00:00',359.85),
(10365,'ANTON',3,'1996-11-27 00:00:00','1996-12-02 00:00:00',1.1),
(10366,'GALED',8,'1996-11-28 00:00:00','1996-12-30 00:00:00',50.7),
(10367,'VAFFE',7,'1996-11-28 00:00:00','1996-12-02 00:00:00',67.75),
(10368,'ERNSH',2,'1996-11-29 00:00:00','1996-12-02 00:00:00',509.75),
(10369,'SPLIR',8,'1996-02-12 00:00:00','1996-09-12 00:00:00',978.4),
(10370,'CHOPS',6,'1996-12-03 00:00:00','1996-12-27 00:00:00',5.85),
(10371,'LAMAI',1,'1996-12-03 00:00:00','1996-12-24 00:00:00',2.25),
(10372,'QUEEN',5,'1996-04-12 00:00:00','1996-09-12 00:00:00',4453.9),
(10373,'HUNGO',4,'1996-05-12 00:00:00','1996-11-12 00:00:00',620.6),
(10374,'WOLZA',1,'1996-05-12 00:00:00','1996-09-12 00:00:00',19.7),
(10375,'HUNGC',3,'1996-06-12 00:00:00','1996-09-12 00:00:00',100.6),
(10376,'MEREP',1,'1996-12-09 00:00:00','1996-12-13 00:00:00',101.95),
(10377,'SEVES',1,'1996-12-09 00:00:00','1996-12-13 00:00:00',111.05),
(10378,'FOLKO',5,'1996-12-10 00:00:00','1996-12-19 00:00:00',27.2),
(10379,'QUEDE',2,'1996-12-11 00:00:00','1996-12-13 00:00:00',225.15),
(10380,'HUNGO',8,'1996-12-12 00:00:00','1997-01-16 00:00:00',175.15),
(10381,'LILAS',3,'1996-12-12 00:00:00','1996-12-13 00:00:00',39.95),
(10382,'ERNSH',4,'1996-12-13 00:00:00','1996-12-16 00:00:00',473.85),
(10383,'AROUT',8,'1996-12-16 00:00:00','1996-12-18 00:00:00',171.2),
(10384,'BERGS',3,'1996-12-16 00:00:00','1996-12-20 00:00:00',843.2),
(10385,'SPLIR',1,'1996-12-17 00:00:00','1996-12-23 00:00:00',154.8),
(10386,'FAMIA',9,'1996-12-18 00:00:00','1996-12-25 00:00:00',69.95),
(10387,'SANTG',1,'1996-12-18 00:00:00','1996-12-20 00:00:00',468.15),
(10388,'SEVES',2,'1996-12-19 00:00:00','1996-12-20 00:00:00',174.3),
(10389,'BOTTM',4,'1996-12-20 00:00:00','1996-12-24 00:00:00',237.1),
(10390,'ERNSH',6,'1996-12-23 00:00:00','1996-12-26 00:00:00',631.9),
(10391,'DRACD',3,'1996-12-23 00:00:00','1996-12-31 00:00:00',27.25),
(10392,'PICCO',2,'1996-12-24 00:00:00','1997-01-01 00:00:00',612.3),
(10393,'SAVEA',1,'1996-12-25 00:00:00','1997-01-03 00:00:00',632.8),
(10394,'HUNGC',1,'1996-12-25 00:00:00','1997-01-03 00:00:00',151.7),
(10395,'HILAA',6,'1996-12-26 00:00:00','1997-01-03 00:00:00',922.05),
(10396,'FRANK',1,'1996-12-27 00:00:00','1997-01-06 00:00:00',676.75),
(10397,'PRINI',5,'1996-12-27 00:00:00','1997-01-02 00:00:00',301.3),
(10398,'SAVEA',2,'1996-12-30 00:00:00','1997-01-09 00:00:00',445.8),
(10399,'VAFFE',8,'1996-12-31 00:00:00','1997-01-08 00:00:00',136.8),
(10400,'EASTC',1,'1997-01-01 00:00:00','1997-01-16 00:00:00',419.65),
(10401,'RATTC',1,'1997-01-01 00:00:00','1997-10-01 00:00:00',62.55),
(10402,'ERNSH',8,'1997-02-01 00:00:00','1997-10-01 00:00:00',339.4),
(10403,'ERNSH',4,'1997-03-01 00:00:00','1997-09-01 00:00:00',368.95),
(10404,'MAGAA',2,'1997-03-01 00:00:00','1997-08-01 00:00:00',779.85),
(10405,'LINOD',1,'1997-01-06 00:00:00','1997-01-22 00:00:00',174.1),
(10406,'QUEEN',7,'1997-01-07 00:00:00','1997-01-13 00:00:00',540.2),
(10407,'OTTIK',2,'1997-01-07 00:00:00','1997-01-30 00:00:00',457.4),
(10408,'FOLIG',8,'1997-01-08 00:00:00','1997-01-14 00:00:00',56.3),
(10409,'OCEAN',3,'1997-01-09 00:00:00','1997-01-14 00:00:00',149.15),
(10410,'BOTTM',3,'1997-01-10 00:00:00','1997-01-15 00:00:00',0.12),
(10411,'BOTTM',9,'1997-01-10 00:00:00','1997-01-21 00:00:00',118.25),
(10412,'WARTH',8,'1997-01-13 00:00:00','1997-01-15 00:00:00',18.85),
(10413,'LAMAI',3,'1997-01-14 00:00:00','1997-01-16 00:00:00',478.3),
(10414,'FAMIA',2,'1997-01-14 00:00:00','1997-01-17 00:00:00',107.4),
(10415,'HUNGC',3,'1997-01-15 00:00:00','1997-01-24 00:00:00',0.01),
(10416,'WARTH',8,'1997-01-16 00:00:00','1997-01-27 00:00:00',113.6),
(10417,'SIMOB',4,'1997-01-16 00:00:00','1997-01-28 00:00:00',351.45),
(10418,'QUICK',4,'1997-01-17 00:00:00','1997-01-24 00:00:00',87.75),
(10419,'RICSU',4,'1997-01-20 00:00:00','1997-01-30 00:00:00',686.75),
(10420,'WELLI',3,'1997-01-21 00:00:00','1997-01-27 00:00:00',220.6),
(10421,'QUEDE',8,'1997-01-21 00:00:00','1997-01-27 00:00:00',496.15),
(10422,'FRANS',2,'1997-01-22 00:00:00','1997-01-31 00:00:00',15.1),
(10423,'GOURL',6,'1997-01-23 00:00:00','1997-02-24 00:00:00',122.5),
(10424,'MEREP',7,'1997-01-23 00:00:00','1997-01-27 00:00:00',1853.05),
(10425,'LAMAI',6,'1997-01-24 00:00:00','1997-02-14 00:00:00',39.65),
(10426,'GALED',4,'1997-01-27 00:00:00','1997-02-06 00:00:00',93.45),
(10427,'PICCO',4,'1997-01-27 00:00:00','1997-03-03 00:00:00',156.45),
(10428,'REGGC',7,'1997-01-28 00:00:00','1997-02-04 00:00:00',55.45),
(10429,'HUNGO',3,'1997-01-29 00:00:00','1997-02-07 00:00:00',283.15),
(10430,'ERNSH',4,'1997-01-30 00:00:00','1997-02-03 00:00:00',2293.9),
(10431,'BOTTM',4,'1997-01-30 00:00:00','1997-02-07 00:00:00',220.85),
(10432,'SPLIR',3,'1997-01-31 00:00:00','1997-02-07 00:00:00',21.7),
(10433,'PRINI',3,'1997-03-02 00:00:00','1997-04-03 00:00:00',369.15),
(10434,'FOLKO',3,'1997-02-03 00:00:00','1997-02-13 00:00:00',89.6),
(10435,'CONSH',8,'1997-04-02 00:00:00','1997-07-02 00:00:00',46.05),
(10436,'BLONP',3,'1997-05-02 00:00:00','1997-11-02 00:00:00',783.3),
(10437,'WARTH',8,'1997-05-02 00:00:00','1997-12-02 00:00:00',99.85),
(10438,'TOMSP',3,'1997-02-06 00:00:00','1997-02-14 00:00:00',41.2),
(10439,'MEREP',6,'1997-07-02 00:00:00','1997-10-02 00:00:00',20.35),
(10440,'SAVEA',4,'1997-02-10 00:00:00','1997-02-28 00:00:00',432.65),
(10441,'OLDWO',3,'1997-02-10 00:00:00','1997-03-14 00:00:00',365.1),
(10442,'ERNSH',3,'1997-02-11 00:00:00','1997-02-18 00:00:00',239.7),
(10443,'REGGC',8,'1997-02-12 00:00:00','1997-02-14 00:00:00',69.75),
(10444,'BERGS',3,'1997-02-12 00:00:00','1997-02-21 00:00:00',17.5),
(10445,'BERGS',3,'1997-02-13 00:00:00','1997-02-20 00:00:00',46.5),
(10446,'TOMSP',6,'1997-02-14 00:00:00','1997-02-19 00:00:00',73.4),
(10447,'RICAR',4,'1997-02-14 00:00:00','1997-03-07 00:00:00',343.3),
(10448,'RANCH',4,'1997-02-17 00:00:00','1997-02-24 00:00:00',194.1),
(10449,'BLONP',3,'1997-02-18 00:00:00','1997-02-27 00:00:00',266.5),
(10450,'VICTE',8,'1997-02-19 00:00:00','1997-03-11 00:00:00',36.15),
(10451,'QUICK',4,'1997-02-19 00:00:00','1997-03-12 00:00:00',945.45),
(10452,'SAVEA',8,'1997-02-20 00:00:00','1997-02-26 00:00:00',701.3),
(10453,'AROUT',1,'1997-02-21 00:00:00','1997-02-26 00:00:00',126.8),
(10454,'LAMAI',4,'1997-02-21 00:00:00','1997-02-25 00:00:00',13.7),
(10455,'WARTH',8,'1997-02-24 00:00:00','1997-03-03 00:00:00',902.25),
(10456,'KOENE',8,'1997-02-25 00:00:00','1997-02-28 00:00:00',40.6),
(10457,'KOENE',2,'1997-02-25 00:00:00','1997-03-03 00:00:00',57.85),
(10458,'SUPRD',7,'1997-02-26 00:00:00','1997-03-04 00:00:00',735.3),
(10459,'VICTE',4,'1997-02-27 00:00:00','1997-02-28 00:00:00',125.45),
(10460,'FOLKO',8,'1997-02-28 00:00:00','1997-03-03 00:00:00',81.35),
(10461,'LILAS',1,'1997-02-28 00:00:00','1997-03-05 00:00:00',743.05),
(10462,'CONSH',2,'1997-03-03 00:00:00','1997-03-18 00:00:00',30.85),
(10463,'SUPRD',5,'1997-04-03 00:00:00','1997-06-03 00:00:00',73.9),
(10464,'FURIB',4,'1997-03-04 00:00:00','1997-03-14 00:00:00',4.45),
(10465,'VAFFE',1,'1997-03-05 00:00:00','1997-03-14 00:00:00',725.2),
(10466,'COMMI',4,'1997-03-06 00:00:00','1997-03-13 00:00:00',59.65),
(10467,'MAGAA',8,'1997-06-03 00:00:00','1997-11-03 00:00:00',24.65),
(10468,'KOENE',3,'1997-07-03 00:00:00','1997-12-03 00:00:00',220.6),
(10469,'WHITC',1,'1997-03-10 00:00:00','1997-03-14 00:00:00',300.9),
(10470,'BONAP',4,'1997-03-11 00:00:00','1997-03-14 00:00:00',322.8),
(10471,'BSBEV',2,'1997-03-11 00:00:00','1997-03-18 00:00:00',227.95),
(10472,'SEVES',8,'1997-03-12 00:00:00','1997-03-19 00:00:00',0.21),
(10473,'ISLAT',1,'1997-03-13 00:00:00','1997-03-21 00:00:00',81.85),
(10474,'PERIC',5,'1997-03-13 00:00:00','1997-03-21 00:00:00',417.45),
(10475,'SUPRD',9,'1997-03-14 00:00:00','1997-04-04 00:00:00',342.6),
(10476,'HILAA',8,'1997-03-17 00:00:00','1997-03-24 00:00:00',22.05),
(10477,'PRINI',5,'1997-03-17 00:00:00','1997-03-25 00:00:00',65.1),
(10478,'VICTE',2,'1997-03-18 00:00:00','1997-03-26 00:00:00',24.05),
(10479,'RATTC',3,'1997-03-19 00:00:00','1997-03-21 00:00:00',3544.75),
(10480,'FOLIG',6,'1997-03-20 00:00:00','1997-03-24 00:00:00',6.75),
(10481,'RICAR',8,'1997-03-20 00:00:00','1997-03-25 00:00:00',321.65),
(10482,'LAZYK',1,'1997-03-21 00:00:00','1997-04-10 00:00:00',37.4),
(10483,'WHITC',7,'1997-03-24 00:00:00','1997-04-25 00:00:00',76.4),
(10484,'BSBEV',3,'1997-03-24 00:00:00','1997-04-01 00:00:00',34.4),
(10485,'LINOD',4,'1997-03-25 00:00:00','1997-03-31 00:00:00',322.25),
(10486,'HILAA',1,'1997-03-26 00:00:00','1997-04-02 00:00:00',152.65),
(10487,'QUEEN',2,'1997-03-26 00:00:00','1997-03-28 00:00:00',355.35),
(10488,'FRANK',8,'1997-03-27 00:00:00','1997-04-02 00:00:00',24.65),
(10489,'PICCO',6,'1997-03-28 00:00:00','1997-04-09 00:00:00',26.45),
(10490,'HILAA',7,'1997-03-31 00:00:00','1997-04-03 00:00:00',1050.95),
(10491,'FURIB',8,'1997-03-31 00:00:00','1997-04-08 00:00:00',84.8),
(10492,'BOTTM',3,'1997-01-04 00:00:00','1997-11-04 00:00:00',314.45),
(10493,'LAMAI',4,'1997-02-04 00:00:00','1997-10-04 00:00:00',53.2),
(10494,'COMMI',4,'1997-02-04 00:00:00','1997-09-04 00:00:00',329.95),
(10495,'LAUGB',3,'1997-03-04 00:00:00','1997-11-04 00:00:00',23.25),
(10496,'TRADH',7,'1997-04-04 00:00:00','1997-07-04 00:00:00',233.85),
(10497,'LEHMS',7,'1997-04-04 00:00:00','1997-07-04 00:00:00',181.05),
(10498,'HILAA',8,'1997-07-04 00:00:00','1997-11-04 00:00:00',148.75),
(10499,'LILAS',4,'1997-04-08 00:00:00','1997-04-16 00:00:00',510.1),
(10500,'LAMAI',6,'1997-04-09 00:00:00','1997-04-17 00:00:00',213.4),
(10501,'BLAUS',9,'1997-04-09 00:00:00','1997-04-16 00:00:00',44.25),
(10502,'PERIC',2,'1997-04-10 00:00:00','1997-04-29 00:00:00',346.6),
(10503,'HUNGO',6,'1997-04-11 00:00:00','1997-04-16 00:00:00',83.7),
(10504,'WHITC',4,'1997-04-11 00:00:00','1997-04-18 00:00:00',295.65),
(10505,'MEREP',3,'1997-04-14 00:00:00','1997-04-21 00:00:00',35.65),
(10506,'KOENE',9,'1997-04-15 00:00:00','1997-05-02 00:00:00',105.95),
(10507,'ANTON',7,'1997-04-15 00:00:00','1997-04-22 00:00:00',237.25),
(10508,'OTTIK',1,'1997-04-16 00:00:00','1997-05-13 00:00:00',24.95),
(10509,'BLAUS',4,'1997-04-17 00:00:00','1997-04-29 00:00:00',0.75),
(10510,'SAVEA',6,'1997-04-18 00:00:00','1997-04-28 00:00:00',1838.15),
(10511,'BONAP',4,'1997-04-18 00:00:00','1997-04-21 00:00:00',1753.2),
(10512,'FAMIA',7,'1997-04-21 00:00:00','1997-04-24 00:00:00',17.65),
(10513,'WANDK',7,'1997-04-22 00:00:00','1997-04-28 00:00:00',528.25),
(10514,'ERNSH',3,'1997-04-22 00:00:00','1997-05-16 00:00:00',3949.75),
(10515,'QUICK',2,'1997-04-23 00:00:00','1997-05-23 00:00:00',1022.35),
(10516,'HUNGO',2,'1997-04-24 00:00:00','1997-05-01 00:00:00',313.9),
(10517,'NORTS',3,'1997-04-24 00:00:00','1997-04-29 00:00:00',160.35),
(10518,'TORTU',4,'1997-04-25 00:00:00','1997-05-05 00:00:00',1090.75),
(10519,'CHOPS',6,'1997-04-28 00:00:00','1997-05-01 00:00:00',458.8),
(10520,'SANTG',7,'1997-04-29 00:00:00','1997-05-01 00:00:00',66.85),
(10521,'CACTU',8,'1997-04-29 00:00:00','1997-05-02 00:00:00',86.1),
(10522,'LEHMS',4,'1997-04-30 00:00:00','1997-05-06 00:00:00',226.65),
(10523,'SEVES',7,'1997-05-01 00:00:00','1997-05-30 00:00:00',388.15),
(10524,'BERGS',1,'1997-01-05 00:00:00','1997-07-05 00:00:00',1223.95),
(10525,'BONAP',1,'1997-05-02 00:00:00','1997-05-23 00:00:00',55.3),
(10526,'WARTH',4,'1997-05-05 00:00:00','1997-05-15 00:00:00',292.95),
(10527,'QUICK',7,'1997-05-05 00:00:00','1997-07-05 00:00:00',209.5),
(10528,'GREAL',6,'1997-06-05 00:00:00','1997-09-05 00:00:00',16.75),
(10529,'MAISD',5,'1997-07-05 00:00:00','1997-09-05 00:00:00',333.45),
(10530,'PICCO',3,'1997-08-05 00:00:00','1997-12-05 00:00:00',1696.1),
(10531,'OCEAN',7,'1997-05-08 00:00:00','1997-05-19 00:00:00',40.6),
(10532,'EASTC',7,'1997-09-05 00:00:00','1997-12-05 00:00:00',372.3),
(10533,'FOLKO',8,'1997-05-12 00:00:00','1997-05-22 00:00:00',940.2),
(10534,'LEHMS',8,'1997-05-12 00:00:00','1997-05-14 00:00:00',139.7),
(10535,'ANTON',4,'1997-05-13 00:00:00','1997-05-21 00:00:00',78.2),
(10536,'LEHMS',3,'1997-05-14 00:00:00','1997-06-06 00:00:00',294.4),
(10537,'RICSU',1,'1997-05-14 00:00:00','1997-05-19 00:00:00',394.25),
(10538,'BSBEV',9,'1997-05-15 00:00:00','1997-05-16 00:00:00',24.35),
(10539,'BSBEV',6,'1997-05-16 00:00:00','1997-05-23 00:00:00',61.8),
(10540,'QUICK',3,'1997-05-19 00:00:00','1997-06-13 00:00:00',5038.2),
(10541,'HANAR',2,'1997-05-19 00:00:00','1997-05-29 00:00:00',343.25),
(10542,'KOENE',1,'1997-05-20 00:00:00','1997-05-26 00:00:00',54.75),
(10543,'LILAS',8,'1997-05-21 00:00:00','1997-05-23 00:00:00',240.85),
(10544,'LONEP',4,'1997-05-21 00:00:00','1997-05-30 00:00:00',124.55),
(10545,'LAZYK',8,'1997-05-22 00:00:00','1997-06-26 00:00:00',59.6),
(10546,'VICTE',1,'1997-05-23 00:00:00','1997-05-27 00:00:00',973.6),
(10547,'SEVES',3,'1997-05-23 00:00:00','1997-06-02 00:00:00',892.15),
(10548,'TOMSP',3,'1997-05-26 00:00:00','1997-06-02 00:00:00',7.15),
(10549,'QUICK',5,'1997-05-27 00:00:00','1997-05-30 00:00:00',856.2),
(10550,'GODOS',7,'1997-05-28 00:00:00','1997-06-06 00:00:00',21.6),
(10551,'FURIB',4,'1997-05-28 00:00:00','1997-06-06 00:00:00',364.75),
(10552,'HILAA',2,'1997-05-29 00:00:00','1997-06-05 00:00:00',416.1),
(10553,'WARTH',2,'1997-05-30 00:00:00','1997-06-03 00:00:00',747.45),
(10554,'OTTIK',4,'1997-05-30 00:00:00','1997-06-05 00:00:00',604.85),
(10555,'SAVEA',6,'1997-02-06 00:00:00','1997-04-06 00:00:00',1262.45),
(10556,'SIMOB',2,'1997-06-03 00:00:00','1997-06-13 00:00:00',0.49),
(10557,'LEHMS',9,'1997-03-06 00:00:00','1997-06-06 00:00:00',483.6),
(10558,'AROUT',1,'1997-04-06 00:00:00','1997-10-06 00:00:00',364.85),
(10559,'BLONP',6,'1997-06-05 00:00:00','1997-06-13 00:00:00',40.25),
(10560,'FRANK',8,'1997-06-06 00:00:00','1997-09-06 00:00:00',183.25),
(10561,'FOLKO',2,'1997-06-06 00:00:00','1997-09-06 00:00:00',1211.05),
(10562,'REGGC',1,'1997-09-06 00:00:00','1997-12-06 00:00:00',114.75),
(10563,'RICAR',2,'1997-06-10 00:00:00','1997-06-24 00:00:00',302.15),
(10564,'RATTC',4,'1997-06-10 00:00:00','1997-06-16 00:00:00',68.75),
(10565,'MEREP',8,'1997-06-11 00:00:00','1997-06-18 00:00:00',35.75),
(10566,'BLONP',9,'1997-06-12 00:00:00','1997-06-18 00:00:00',4.42),
(10567,'HUNGO',1,'1997-06-12 00:00:00','1997-06-17 00:00:00',169.85),
(10568,'GALED',3,'1997-06-13 00:00:00','1997-07-09 00:00:00',32.7),
(10569,'RATTC',5,'1997-06-16 00:00:00','1997-07-11 00:00:00',294.9),
(10570,'MEREP',3,'1997-06-17 00:00:00','1997-06-19 00:00:00',944.95),
(10571,'ERNSH',8,'1997-06-17 00:00:00','1997-07-04 00:00:00',130.3),
(10572,'BERGS',3,'1997-06-18 00:00:00','1997-06-25 00:00:00',582.15),
(10573,'ANTON',7,'1997-06-19 00:00:00','1997-06-20 00:00:00',424.2),
(10574,'TRAIH',4,'1997-06-19 00:00:00','1997-06-30 00:00:00',1.88),
(10575,'MORGK',5,'1997-06-20 00:00:00','1997-06-30 00:00:00',636.7),
(10576,'TORTU',3,'1997-06-23 00:00:00','1997-06-30 00:00:00',92.8),
(10577,'TRAIH',9,'1997-06-23 00:00:00','1997-06-30 00:00:00',127.05),
(10578,'BSBEV',4,'1997-06-24 00:00:00','1997-07-25 00:00:00',1.48),
(10579,'LETSS',1,'1997-06-25 00:00:00','1997-07-04 00:00:00',68.65),
(10580,'OTTIK',4,'1997-06-26 00:00:00','1997-07-01 00:00:00',379.45),
(10581,'FAMIA',3,'1997-06-26 00:00:00','1997-07-02 00:00:00',15.05),
(10582,'BLAUS',3,'1997-06-27 00:00:00','1997-07-14 00:00:00',138.55),
(10583,'WARTH',2,'1997-06-30 00:00:00','1997-07-04 00:00:00',36.4),
(10584,'BLONP',4,'1997-06-30 00:00:00','1997-07-04 00:00:00',295.7),
(10585,'WELLI',7,'1997-01-07 00:00:00','1997-10-07 00:00:00',67.05),
(10586,'REGGC',9,'1997-02-07 00:00:00','1997-09-07 00:00:00',2.4),
(10587,'QUEDE',1,'1997-02-07 00:00:00','1997-09-07 00:00:00',312.6),
(10588,'QUICK',2,'1997-03-07 00:00:00','1997-10-07 00:00:00',973.35),
(10589,'GREAL',8,'1997-07-04 00:00:00','1997-07-14 00:00:00',22.1),
(10590,'MEREP',4,'1997-07-07 00:00:00','1997-07-14 00:00:00',223.85),
(10591,'VAFFE',1,'1997-07-07 00:00:00','1997-07-16 00:00:00',279.6),
(10592,'LEHMS',3,'1997-07-08 00:00:00','1997-07-16 00:00:00',160.5),
(10593,'LEHMS',7,'1997-07-09 00:00:00','1997-08-13 00:00:00',8.71),
(10594,'OLDWO',3,'1997-07-09 00:00:00','1997-07-16 00:00:00',26.2),
(10595,'ERNSH',2,'1997-07-10 00:00:00','1997-07-14 00:00:00',483.9),
(10596,'WHITC',8,'1997-11-07 00:00:00','1997-12-08 00:00:00',81.7),
(10597,'PICCO',7,'1997-07-11 00:00:00','1997-07-18 00:00:00',175.6),
(10598,'RATTC',1,'1997-07-14 00:00:00','1997-07-18 00:00:00',222.1),
(10599,'BSBEV',6,'1997-07-15 00:00:00','1997-07-21 00:00:00',149.9),
(10600,'HUNGC',4,'1997-07-16 00:00:00','1997-07-21 00:00:00',225.65),
(10601,'HILAA',7,'1997-07-16 00:00:00','1997-07-22 00:00:00',291.5),
(10602,'VAFFE',8,'1997-07-17 00:00:00','1997-07-22 00:00:00',14.6),
(10603,'SAVEA',8,'1997-07-18 00:00:00','1997-08-08 00:00:00',243.85),
(10604,'FURIB',1,'1997-07-18 00:00:00','1997-07-29 00:00:00',37.3),
(10605,'MEREP',1,'1997-07-21 00:00:00','1997-07-29 00:00:00',1895.65),
(10606,'TRADH',4,'1997-07-22 00:00:00','1997-07-31 00:00:00',3.97),
(10607,'SAVEA',5,'1997-07-22 00:00:00','1997-07-25 00:00:00',1001.2),
(10608,'TOMSP',4,'1997-07-23 00:00:00','1997-08-01 00:00:00',138.95),
(10609,'DUMON',7,'1997-07-24 00:00:00','1997-07-30 00:00:00',9.25),
(10610,'LAMAI',8,'1997-07-25 00:00:00','1997-08-06 00:00:00',133.9),
(10611,'WOLZA',6,'1997-07-25 00:00:00','1997-08-01 00:00:00',403.25),
(10612,'SAVEA',1,'1997-07-28 00:00:00','1997-08-01 00:00:00',2720.4),
(10613,'HILAA',4,'1997-07-29 00:00:00','1997-08-01 00:00:00',40.55),
(10614,'BLAUS',8,'1997-07-29 00:00:00','1997-08-01 00:00:00',9.65),
(10615,'WILMK',2,'1997-07-30 00:00:00','1997-08-06 00:00:00',3.75),
(10616,'GREAL',1,'1997-07-31 00:00:00','1997-08-05 00:00:00',582.65),
(10617,'GREAL',4,'1997-07-31 00:00:00','1997-08-04 00:00:00',92.65),
(10618,'MEREP',1,'1997-01-08 00:00:00','1997-08-08 00:00:00',773.4),
(10619,'MEREP',3,'1997-04-08 00:00:00','1997-07-08 00:00:00',455.25),
(10620,'LAUGB',2,'1997-08-05 00:00:00','1997-08-14 00:00:00',4.7),
(10621,'ISLAT',4,'1997-05-08 00:00:00','1997-11-08 00:00:00',118.65),
(10622,'RICAR',4,'1997-06-08 00:00:00','1997-11-08 00:00:00',254.85),
(10623,'FRANK',8,'1997-07-08 00:00:00','1997-12-08 00:00:00',485.9),
(10624,'THECR',4,'1997-08-07 00:00:00','1997-08-19 00:00:00',4.74),
(10625,'ANATR',3,'1997-08-08 00:00:00','1997-08-14 00:00:00',219.5),
(10626,'BERGS',1,'1997-08-11 00:00:00','1997-08-20 00:00:00',693.45),
(10627,'SAVEA',8,'1997-08-11 00:00:00','1997-08-21 00:00:00',537.3),
(10628,'BLONP',4,'1997-08-12 00:00:00','1997-08-20 00:00:00',151.8),
(10629,'GODOS',4,'1997-08-12 00:00:00','1997-08-20 00:00:00',427.3),
(10630,'KOENE',1,'1997-08-13 00:00:00','1997-08-19 00:00:00',161.75),
(10631,'LAMAI',8,'1997-08-14 00:00:00','1997-08-15 00:00:00',4.35),
(10632,'WANDK',8,'1997-08-14 00:00:00','1997-08-19 00:00:00',206.9),
(10633,'ERNSH',7,'1997-08-15 00:00:00','1997-08-18 00:00:00',2389.5),
(10634,'FOLIG',4,'1997-08-15 00:00:00','1997-08-21 00:00:00',2436.9),
(10635,'MAGAA',8,'1997-08-18 00:00:00','1997-08-21 00:00:00',237.3),
(10636,'WARTH',4,'1997-08-19 00:00:00','1997-08-26 00:00:00',5.75),
(10637,'QUEEN',6,'1997-08-19 00:00:00','1997-08-26 00:00:00',1006.45),
(10638,'LINOD',3,'1997-08-20 00:00:00','1997-09-01 00:00:00',792.2),
(10639,'SANTG',7,'1997-08-20 00:00:00','1997-08-27 00:00:00',193.2),
(10640,'WANDK',4,'1997-08-21 00:00:00','1997-08-28 00:00:00',117.75),
(10641,'HILAA',4,'1997-08-22 00:00:00','1997-08-26 00:00:00',898.05),
(10642,'SIMOB',7,'1997-08-22 00:00:00','1997-09-05 00:00:00',209.45),
(10643,'AROUT',6,'1997-08-25 00:00:00','1997-09-02 00:00:00',147.3),
(10644,'WELLI',3,'1997-08-25 00:00:00','1997-09-01 00:00:00',0.7),
(10645,'HANAR',4,'1997-08-26 00:00:00','1997-09-02 00:00:00',62.05),
(10646,'HUNGO',9,'1997-08-27 00:00:00','1997-09-03 00:00:00',711.65),
(10647,'QUEDE',4,'1997-08-27 00:00:00','1997-09-03 00:00:00',227.7),
(10648,'RICAR',5,'1997-08-28 00:00:00','1997-09-09 00:00:00',71.25),
(10649,'MAISD',5,'1997-08-28 00:00:00','1997-08-29 00:00:00',0.31),
(10650,'FAMIA',5,'1997-08-29 00:00:00','1997-09-03 00:00:00',884.05),
(10651,'WANDK',8,'1997-01-09 00:00:00','1997-11-09 00:00:00',1.03),
(10652,'GOURL',4,'1997-01-09 00:00:00','1997-08-09 00:00:00',35.7),
(10653,'FRANK',1,'1997-09-02 00:00:00','1997-09-19 00:00:00',466.25),
(10654,'BERGS',5,'1997-02-09 00:00:00','1997-11-09 00:00:00',276.3),
(10655,'REGGC',1,'1997-03-09 00:00:00','1997-11-09 00:00:00',22.05),
(10656,'GREAL',6,'1997-04-09 00:00:00','1997-10-09 00:00:00',285.75),
(10657,'SAVEA',2,'1997-09-04 00:00:00','1997-09-15 00:00:00',1763.45),
(10658,'QUICK',4,'1997-05-09 00:00:00','1997-08-09 00:00:00',1820.75),
(10659,'QUEEN',7,'1997-05-09 00:00:00','1997-10-09 00:00:00',529.05),
(10660,'HUNGC',8,'1997-09-08 00:00:00','1997-10-15 00:00:00',556.45),
(10661,'HUNGO',7,'1997-09-09 00:00:00','1997-09-15 00:00:00',87.75),
(10662,'LONEP',3,'1997-09-09 00:00:00','1997-09-18 00:00:00',6.4),
(10663,'BONAP',2,'1997-10-09 00:00:00','1997-03-10 00:00:00',565.75),
(10664,'FURIB',1,'1997-09-10 00:00:00','1997-09-19 00:00:00',6.35),
(10665,'LONEP',1,'1997-09-11 00:00:00','1997-09-17 00:00:00',131.55),
(10666,'RICSU',7,'1997-09-12 00:00:00','1997-09-22 00:00:00',1162.1),
(10667,'ERNSH',7,'1997-09-12 00:00:00','1997-09-19 00:00:00',390.45),
(10668,'WANDK',1,'1997-09-15 00:00:00','1997-09-23 00:00:00',236.1),
(10669,'SIMOB',2,'1997-09-15 00:00:00','1997-09-22 00:00:00',121.95),
(10670,'FRANK',4,'1997-09-16 00:00:00','1997-09-18 00:00:00',1017.4),
(10671,'FRANR',1,'1997-09-17 00:00:00','1997-09-24 00:00:00',151.7),
(10672,'BERGS',9,'1997-09-17 00:00:00','1997-09-26 00:00:00',478.75),
(10673,'WILMK',2,'1997-09-18 00:00:00','1997-09-19 00:00:00',113.8),
(10674,'ISLAT',4,'1997-09-18 00:00:00','1997-09-30 00:00:00',4.5),
(10675,'FRANK',5,'1997-09-19 00:00:00','1997-09-23 00:00:00',159.25),
(10676,'TORTU',2,'1997-09-22 00:00:00','1997-09-29 00:00:00',10.05),
(10677,'ANTON',1,'1997-09-22 00:00:00','1997-09-26 00:00:00',20.15),
(10678,'SAVEA',7,'1997-09-23 00:00:00','1997-10-16 00:00:00',1944.9),
(10679,'BLONP',8,'1997-09-23 00:00:00','1997-09-30 00:00:00',139.7),
(10680,'OLDWO',1,'1997-09-24 00:00:00','1997-09-26 00:00:00',133.05),
(10681,'GREAL',3,'1997-09-25 00:00:00','1997-09-30 00:00:00',380.65),
(10682,'ANTON',3,'1997-09-25 00:00:00','1997-10-01 00:00:00',180.65),
(10683,'DUMON',2,'1997-09-26 00:00:00','1997-10-01 00:00:00',0.22),
(10684,'OTTIK',3,'1997-09-26 00:00:00','1997-09-30 00:00:00',728.15),
(10685,'GOURL',4,'1997-09-29 00:00:00','1997-10-03 00:00:00',168.75),
(10686,'PICCO',2,'1997-09-30 00:00:00','1997-10-08 00:00:00',482.5),
(10687,'HUNGO',9,'1997-09-30 00:00:00','1997-10-30 00:00:00',1482.15),
(10688,'VAFFE',4,'1997-01-10 00:00:00','1997-07-10 00:00:00',1495.45),
(10689,'BERGS',1,'1997-01-10 00:00:00','1997-07-10 00:00:00',67.1),
(10690,'HANAR',1,'1997-02-10 00:00:00','1997-03-10 00:00:00',0.79),
(10691,'QUICK',2,'1997-10-03 00:00:00','1997-10-22 00:00:00',4050.25),
(10692,'BSBEV',4,'1997-10-03 00:00:00','1997-10-13 00:00:00',305.1),
(10693,'WHITC',3,'1997-06-10 00:00:00','1997-10-10 00:00:00',696.7),
(10694,'QUICK',8,'1997-06-10 00:00:00','1997-09-10 00:00:00',1991.8),
(10695,'WILMK',7,'1997-10-07 00:00:00','1997-10-14 00:00:00',83.6),
(10696,'WHITC',8,'1997-10-08 00:00:00','1997-10-14 00:00:00',512.75),
(10697,'LINOD',3,'1997-10-08 00:00:00','1997-10-14 00:00:00',227.6),
(10698,'ERNSH',4,'1997-10-09 00:00:00','1997-10-17 00:00:00',1362.35),
(10699,'MORGK',3,'1997-10-09 00:00:00','1997-10-13 00:00:00',2.9),
(10700,'SAVEA',3,'1997-10-10 00:00:00','1997-10-16 00:00:00',325.5),
(10701,'HUNGO',6,'1997-10-13 00:00:00','1997-10-15 00:00:00',1101.55),
(10702,'ALFKI',4,'1997-10-13 00:00:00','1997-10-21 00:00:00',119.7),
(10703,'FOLKO',6,'1997-10-14 00:00:00','1997-10-20 00:00:00',761.5),
(10704,'QUEEN',6,'1997-10-14 00:00:00','1997-11-07 00:00:00',23.9),
(10705,'HILAA',9,'1997-10-15 00:00:00','1997-11-18 00:00:00',17.6),
(10706,'OLDWO',8,'1997-10-16 00:00:00','1997-10-21 00:00:00',678.15),
(10707,'AROUT',4,'1997-10-16 00:00:00','1997-10-23 00:00:00',108.7),
(10708,'THEBI',6,'1997-10-17 00:00:00','1997-11-05 00:00:00',14.8),
(10709,'GOURL',1,'1997-10-17 00:00:00','1997-11-20 00:00:00',10.54),
(10710,'FRANS',1,'1997-10-20 00:00:00','1997-10-23 00:00:00',24.9),
(10711,'SAVEA',5,'1997-10-21 00:00:00','1997-10-29 00:00:00',262.05),
(10712,'HUNGO',3,'1997-10-21 00:00:00','1997-10-31 00:00:00',449.65),
(10713,'SAVEA',1,'1997-10-22 00:00:00','1997-10-24 00:00:00',835.25),
(10714,'SAVEA',5,'1997-10-22 00:00:00','1997-10-27 00:00:00',122.45),
(10715,'BONAP',3,'1997-10-23 00:00:00','1997-10-29 00:00:00',3.16),
(10716,'RANCH',4,'1997-10-24 00:00:00','1997-10-27 00:00:00',112.85),
(10717,'FRANK',1,'1997-10-24 00:00:00','1997-10-29 00:00:00',296.25),
(10718,'KOENE',1,'1997-10-27 00:00:00','1997-10-29 00:00:00',854.4),
(10719,'LETSS',8,'1997-10-27 00:00:00','1997-11-05 00:00:00',257.2),
(10720,'QUEDE',8,'1997-10-28 00:00:00','1997-11-05 00:00:00',47.65),
(10721,'QUICK',5,'1997-10-29 00:00:00','1997-10-31 00:00:00',244.6),
(10722,'SAVEA',8,'1997-10-29 00:00:00','1997-11-04 00:00:00',372.9),
(10723,'WHITC',3,'1997-10-30 00:00:00','1997-11-25 00:00:00',108.6),
(10724,'MEREP',8,'1997-10-30 00:00:00','1997-11-05 00:00:00',288.75),
(10725,'FAMIA',4,'1997-10-31 00:00:00','1997-11-05 00:00:00',54.15),
(10726,'EASTC',4,'1997-03-11 00:00:00','1997-05-12 00:00:00',82.8),
(10727,'REGGC',2,'1997-03-11 00:00:00','1997-05-12 00:00:00',449.5),
(10728,'QUEEN',4,'1997-04-11 00:00:00','1997-11-11 00:00:00',291.65),
(10729,'LINOD',8,'1997-11-04 00:00:00','1997-11-14 00:00:00',705.3),
(10730,'BONAP',5,'1997-11-05 00:00:00','1997-11-14 00:00:00',100.6),
(10731,'CHOPS',7,'1997-11-06 00:00:00','1997-11-14 00:00:00',483.25),
(10732,'BONAP',3,'1997-06-11 00:00:00','1997-07-11 00:00:00',84.85),
(10733,'BERGS',1,'1997-07-11 00:00:00','1997-10-11 00:00:00',550.55),
(10734,'GOURL',2,'1997-07-11 00:00:00','1997-12-11 00:00:00',8.15),
(10735,'LETSS',6,'1997-11-10 00:00:00','1997-11-21 00:00:00',229.85),
(10736,'HUNGO',9,'1997-11-11 00:00:00','1997-11-21 00:00:00',220.5),
(10737,'VINET',2,'1997-11-11 00:00:00','1997-11-18 00:00:00',38.95),
(10738,'SPECD',2,'1997-11-12 00:00:00','1997-11-18 00:00:00',14.55),
(10739,'VINET',3,'1997-11-12 00:00:00','1997-11-17 00:00:00',55.4),
(10740,'WHITC',4,'1997-11-13 00:00:00','1997-11-25 00:00:00',409.4),
(10741,'AROUT',4,'1997-11-14 00:00:00','1997-11-18 00:00:00',54.8),
(10742,'BOTTM',3,'1997-11-14 00:00:00','1997-11-18 00:00:00',1218.65),
(10743,'AROUT',1,'1997-11-17 00:00:00','1997-11-21 00:00:00',118.6),
(10744,'VAFFE',6,'1997-11-17 00:00:00','1997-11-24 00:00:00',345.95),
(10745,'QUICK',9,'1997-11-18 00:00:00','1997-11-27 00:00:00',17.6),
(10746,'CHOPS',1,'1997-11-19 00:00:00','1997-11-21 00:00:00',157.15),
(10747,'PICCO',6,'1997-11-19 00:00:00','1997-11-26 00:00:00',586.65),
(10748,'SAVEA',3,'1997-11-20 00:00:00','1997-11-28 00:00:00',1162.75),
(10749,'ISLAT',4,'1997-11-20 00:00:00','1997-12-19 00:00:00',307.65),
(10750,'WARTH',9,'1997-11-21 00:00:00','1997-11-24 00:00:00',396.5),
(10751,'RICSU',3,'1997-11-24 00:00:00','1997-12-03 00:00:00',653.95),
(10752,'NORTS',2,'1997-11-24 00:00:00','1997-11-28 00:00:00',6.95),
(10753,'FRANS',3,'1997-11-25 00:00:00','1997-11-27 00:00:00',38.5),
(10754,'MAGAA',6,'1997-11-25 00:00:00','1997-11-27 00:00:00',11.9),
(10755,'BONAP',4,'1997-11-26 00:00:00','1997-11-28 00:00:00',83.55),
(10756,'SPLIR',8,'1997-11-27 00:00:00','1997-12-02 00:00:00',366.05),
(10757,'SAVEA',6,'1997-11-27 00:00:00','1997-12-15 00:00:00',40.95),
(10758,'RICSU',3,'1997-11-28 00:00:00','1997-12-04 00:00:00',690.85),
(10759,'ANATR',3,'1997-11-28 00:00:00','1997-12-12 00:00:00',59.95),
(10760,'MAISD',4,'1997-01-12 00:00:00','1997-10-12 00:00:00',778.2),
(10761,'RATTC',5,'1997-02-12 00:00:00','1997-08-12 00:00:00',93.3),
(10762,'FOLKO',3,'1997-02-12 00:00:00','1997-09-12 00:00:00',1643.7),
(10763,'FOLIG',3,'1997-03-12 00:00:00','1997-08-12 00:00:00',186.75),
(10764,'ERNSH',6,'1997-03-12 00:00:00','1997-08-12 00:00:00',727.25),
(10765,'QUICK',3,'1997-04-12 00:00:00','1997-09-12 00:00:00',213.7),
(10766,'OTTIK',4,'1997-05-12 00:00:00','1997-09-12 00:00:00',787.75),
(10767,'SUPRD',4,'1997-12-05 00:00:00','1997-12-15 00:00:00',7.95),
(10768,'AROUT',3,'1997-12-08 00:00:00','1997-12-15 00:00:00',731.6),
(10769,'VAFFE',3,'1997-08-12 00:00:00','1997-12-12 00:00:00',325.3),
(10770,'HANAR',8,'1997-12-09 00:00:00','1997-12-17 00:00:00',26.6),
(10771,'ERNSH',9,'1997-10-12 00:00:00','1998-02-01 00:00:00',55.95),
(10772,'LEHMS',3,'1997-12-10 00:00:00','1997-12-19 00:00:00',456.4),
(10773,'ERNSH',1,'1997-12-11 00:00:00','1997-12-16 00:00:00',482.15),
(10774,'FOLKO',4,'1997-11-12 00:00:00','1997-12-12 00:00:00',2.41),
(10775,'THECR',7,'1997-12-12 00:00:00','1997-12-26 00:00:00',101.25),
(10776,'ERNSH',1,'1997-12-15 00:00:00','1997-12-18 00:00:00',1757.65),
(10777,'GOURL',7,'1997-12-15 00:00:00','1998-01-21 00:00:00',15.05),
(10778,'BERGS',3,'1997-12-16 00:00:00','1997-12-24 00:00:00',33.95),
(10779,'MORGK',3,'1997-12-16 00:00:00','1998-01-14 00:00:00',290.65),
(10780,'LILAS',2,'1997-12-16 00:00:00','1997-12-25 00:00:00',210.65),
(10781,'WARTH',2,'1997-12-17 00:00:00','1997-12-19 00:00:00',365.8),
(10782,'CACTU',9,'1997-12-17 00:00:00','1997-12-22 00:00:00',5.5),
(10783,'HANAR',4,'1997-12-18 00:00:00','1997-12-19 00:00:00',624.9),
(10784,'MAGAA',4,'1997-12-18 00:00:00','1997-12-22 00:00:00',350.45),
(10785,'GROSR',1,'1997-12-18 00:00:00','1997-12-24 00:00:00',7.55),
(10786,'QUEEN',8,'1997-12-19 00:00:00','1997-12-23 00:00:00',554.35),
(10787,'LAMAI',2,'1997-12-19 00:00:00','1997-12-26 00:00:00',1249.65),
(10788,'QUICK',1,'1997-12-22 00:00:00','1998-01-19 00:00:00',213.5),
(10789,'FOLIG',1,'1997-12-22 00:00:00','1997-12-31 00:00:00',5.03),
(10790,'GOURL',6,'1997-12-22 00:00:00','1997-12-26 00:00:00',141.15),
(10791,'FRANK',6,'1997-12-23 00:00:00','1998-01-01 00:00:00',84.25),
(10792,'WOLZA',1,'1997-12-23 00:00:00','1997-12-31 00:00:00',118.95),
(10793,'AROUT',3,'1997-12-24 00:00:00','1998-01-08 00:00:00',22.6),
(10794,'QUEDE',6,'1997-12-24 00:00:00','1998-01-02 00:00:00',107.45),
(10795,'ERNSH',8,'1997-12-24 00:00:00','1998-01-20 00:00:00',633.3),
(10796,'HILAA',3,'1997-12-25 00:00:00','1998-01-14 00:00:00',132.6),
(10797,'DRACD',7,'1997-12-25 00:00:00','1998-01-05 00:00:00',166.75),
(10798,'ISLAT',2,'1997-12-26 00:00:00','1998-01-05 00:00:00',11.65),
(10799,'KOENE',9,'1997-12-26 00:00:00','1998-01-05 00:00:00',153.8),
(10800,'SEVES',1,'1997-12-26 00:00:00','1998-01-05 00:00:00',687.2),
(10801,'BOLID',4,'1997-12-29 00:00:00','1997-12-31 00:00:00',485.45),
(10802,'SIMOB',4,'1997-12-29 00:00:00','1998-01-02 00:00:00',1286.3),
(10803,'WELLI',4,'1997-12-30 00:00:00','1998-01-06 00:00:00',276.15),
(10804,'SEVES',6,'1997-12-30 00:00:00','1998-01-07 00:00:00',136.65),
(10805,'THEBI',2,'1997-12-30 00:00:00','1998-01-09 00:00:00',1186.7),
(10806,'VICTE',3,'1997-12-31 00:00:00','1998-01-05 00:00:00',110.55),
(10807,'FRANS',4,'1997-12-31 00:00:00','1998-01-30 00:00:00',6.8),
(10808,'OLDWO',2,'1998-01-01 00:00:00','1998-09-01 00:00:00',227.65),
(10809,'WELLI',7,'1998-01-01 00:00:00','1998-07-01 00:00:00',24.35),
(10810,'LAUGB',2,'1998-01-01 00:00:00','1998-07-01 00:00:00',21.65),
(10811,'LINOD',8,'1998-02-01 00:00:00','1998-08-01 00:00:00',156.1),
(10812,'REGGC',5,'1998-02-01 00:00:00','1998-12-01 00:00:00',298.9),
(10813,'RICAR',1,'1998-05-01 00:00:00','1998-09-01 00:00:00',236.9),
(10814,'VICTE',3,'1998-01-05 00:00:00','1998-01-14 00:00:00',654.7),
(10815,'SAVEA',2,'1998-01-05 00:00:00','1998-01-14 00:00:00',73.1),
(10816,'GREAL',4,'1998-06-01 00:00:00','1998-04-02 00:00:00',3598.9),
(10817,'KOENE',3,'1998-01-06 00:00:00','1998-01-13 00:00:00',1530.35),
(10818,'MAGAA',7,'1998-07-01 00:00:00','1998-12-01 00:00:00',327.4),
(10819,'CACTU',2,'1998-01-07 00:00:00','1998-01-16 00:00:00',98.8),
(10820,'RATTC',3,'1998-01-07 00:00:00','1998-01-13 00:00:00',187.6),
(10821,'SPLIR',1,'1998-01-08 00:00:00','1998-01-15 00:00:00',183.4),
(10822,'TRAIH',6,'1998-01-08 00:00:00','1998-01-16 00:00:00',0.35),
(10823,'LILAS',5,'1998-01-09 00:00:00','1998-01-13 00:00:00',819.85),
(10824,'FOLKO',8,'1998-01-09 00:00:00','1998-01-30 00:00:00',6.15),
(10825,'DRACD',1,'1998-01-09 00:00:00','1998-01-14 00:00:00',396.25),
(10826,'BLONP',6,'1998-12-01 00:00:00','1998-06-02 00:00:00',35.45),
(10827,'BONAP',1,'1998-12-01 00:00:00','1998-06-02 00:00:00',317.7),
(10828,'RANCH',9,'1998-01-13 00:00:00','1998-02-04 00:00:00',454.25),
(10829,'ISLAT',9,'1998-01-13 00:00:00','1998-01-23 00:00:00',773.6),
(10830,'TRADH',4,'1998-01-13 00:00:00','1998-01-21 00:00:00',409.15),
(10831,'SANTG',3,'1998-01-14 00:00:00','1998-01-23 00:00:00',360.95),
(10832,'LAMAI',2,'1998-01-14 00:00:00','1998-01-19 00:00:00',216.3),
(10833,'OTTIK',6,'1998-01-15 00:00:00','1998-01-23 00:00:00',357.45),
(10834,'TRADH',1,'1998-01-15 00:00:00','1998-01-19 00:00:00',148.9),
(10835,'ALFKI',1,'1998-01-15 00:00:00','1998-01-21 00:00:00',347.65),
(10836,'ERNSH',7,'1998-01-16 00:00:00','1998-01-21 00:00:00',2059.4),
(10837,'BERGS',9,'1998-01-16 00:00:00','1998-01-23 00:00:00',66.6),
(10838,'LINOD',3,'1998-01-19 00:00:00','1998-01-23 00:00:00',296.4),
(10839,'TRADH',3,'1998-01-19 00:00:00','1998-01-22 00:00:00',177.15),
(10840,'LINOD',4,'1998-01-19 00:00:00','1998-02-16 00:00:00',13.55),
(10841,'SUPRD',5,'1998-01-20 00:00:00','1998-01-29 00:00:00',2121.5),
(10842,'TORTU',1,'1998-01-20 00:00:00','1998-01-29 00:00:00',272.1),
(10843,'VICTE',4,'1998-01-21 00:00:00','1998-01-26 00:00:00',46.3),
(10844,'PICCO',8,'1998-01-21 00:00:00','1998-01-26 00:00:00',126.1),
(10845,'QUICK',8,'1998-01-21 00:00:00','1998-01-30 00:00:00',1064.9),
(10846,'SUPRD',2,'1998-01-22 00:00:00','1998-01-23 00:00:00',282.3),
(10847,'SAVEA',4,'1998-01-22 00:00:00','1998-02-10 00:00:00',2437.85),
(10848,'CONSH',7,'1998-01-23 00:00:00','1998-01-29 00:00:00',191.2),
(10849,'KOENE',9,'1998-01-23 00:00:00','1998-01-30 00:00:00',2.8),
(10850,'VICTE',1,'1998-01-23 00:00:00','1998-01-30 00:00:00',245.95),
(10851,'RICAR',5,'1998-01-26 00:00:00','1998-02-02 00:00:00',802.75),
(10852,'RATTC',8,'1998-01-26 00:00:00','1998-01-30 00:00:00',870.25),
(10853,'BLAUS',9,'1998-01-27 00:00:00','1998-02-03 00:00:00',269.15),
(10854,'ERNSH',3,'1998-01-27 00:00:00','1998-02-05 00:00:00',501.1),
(10855,'OLDWO',3,'1998-01-27 00:00:00','1998-02-04 00:00:00',854.85),
(10856,'ANTON',3,'1998-01-28 00:00:00','1998-02-10 00:00:00',292.15),
(10857,'BERGS',8,'1998-01-28 00:00:00','1998-02-06 00:00:00',944.25),
(10858,'LACOR',2,'1998-01-29 00:00:00','1998-02-03 00:00:00',262.55),
(10859,'FRANK',1,'1998-01-29 00:00:00','1998-02-02 00:00:00',380.5),
(10860,'FRANR',3,'1998-01-29 00:00:00','1998-02-04 00:00:00',96.3),
(10861,'WHITC',4,'1998-01-30 00:00:00','1998-02-17 00:00:00',74.65),
(10862,'LEHMS',8,'1998-01-30 00:00:00','1998-02-02 00:00:00',266.15),
(10863,'HILAA',4,'1998-02-02 00:00:00','1998-02-17 00:00:00',151.3),
(10864,'AROUT',4,'1998-02-02 00:00:00','1998-09-02 00:00:00',15.2),
(10865,'QUICK',2,'1998-02-02 00:00:00','1998-12-02 00:00:00',1740.7),
(10866,'BERGS',5,'1998-03-02 00:00:00','1998-12-02 00:00:00',545.55),
(10867,'LONEP',6,'1998-03-02 00:00:00','1998-11-02 00:00:00',9.65),
(10868,'QUEEN',7,'1998-02-04 00:00:00','1998-02-23 00:00:00',956.35),
(10869,'SEVES',5,'1998-04-02 00:00:00','1998-09-02 00:00:00',716.4),
(10870,'WOLZA',5,'1998-02-04 00:00:00','1998-02-13 00:00:00',60.2),
(10871,'BONAP',9,'1998-05-02 00:00:00','1998-10-02 00:00:00',561.35),
(10872,'GODOS',5,'1998-05-02 00:00:00','1998-09-02 00:00:00',876.6),
(10873,'WILMK',4,'1998-06-02 00:00:00','1998-09-02 00:00:00',4.1),
(10874,'GODOS',5,'1998-06-02 00:00:00','1998-11-02 00:00:00',97.9),
(10875,'BERGS',4,'1998-06-02 00:00:00','1998-03-03 00:00:00',161.85),
(10876,'BONAP',7,'1998-09-02 00:00:00','1998-12-02 00:00:00',302.1),
(10877,'RICAR',1,'1998-02-09 00:00:00','1998-02-19 00:00:00',190.3),
(10878,'QUICK',4,'1998-10-02 00:00:00','1998-12-02 00:00:00',233.45),
(10879,'WILMK',3,'1998-10-02 00:00:00','1998-12-02 00:00:00',42.5),
(10880,'FOLKO',7,'1998-02-10 00:00:00','1998-02-18 00:00:00',440.05),
(10881,'CACTU',4,'1998-02-11 00:00:00','1998-02-18 00:00:00',14.2),
(10882,'SAVEA',4,'1998-02-11 00:00:00','1998-02-20 00:00:00',115.5),
(10883,'LONEP',8,'1998-02-12 00:00:00','1998-02-20 00:00:00',2.65),
(10884,'LETSS',4,'1998-02-12 00:00:00','1998-02-13 00:00:00',454.85),
(10885,'SUPRD',6,'1998-02-12 00:00:00','1998-02-18 00:00:00',28.2),
(10886,'HANAR',1,'1998-02-13 00:00:00','1998-03-02 00:00:00',24.95),
(10887,'GALED',8,'1998-02-13 00:00:00','1998-02-16 00:00:00',6.25),
(10888,'GODOS',1,'1998-02-16 00:00:00','1998-02-23 00:00:00',259.35),
(10889,'RATTC',9,'1998-02-16 00:00:00','1998-02-23 00:00:00',1403.05),
(10890,'DUMON',7,'1998-02-16 00:00:00','1998-02-18 00:00:00',163.8),
(10891,'LEHMS',7,'1998-02-17 00:00:00','1998-02-19 00:00:00',101.85),
(10892,'MAISD',4,'1998-02-17 00:00:00','1998-02-19 00:00:00',601.35),
(10893,'KOENE',9,'1998-02-18 00:00:00','1998-02-20 00:00:00',388.9),
(10894,'SAVEA',1,'1998-02-18 00:00:00','1998-02-20 00:00:00',580.65),
(10895,'ERNSH',3,'1998-02-18 00:00:00','1998-02-23 00:00:00',813.75),
(10896,'MAISD',7,'1998-02-19 00:00:00','1998-02-27 00:00:00',162.25),
(10897,'HUNGO',3,'1998-02-19 00:00:00','1998-02-25 00:00:00',3017.7),
(10898,'OCEAN',4,'1998-02-20 00:00:00','1998-03-06 00:00:00',6.35),
(10899,'LILAS',5,'1998-02-20 00:00:00','1998-02-26 00:00:00',6.05),
(10900,'WELLI',1,'1998-02-20 00:00:00','1998-03-04 00:00:00',8.3),
(10901,'HILAA',4,'1998-02-23 00:00:00','1998-02-26 00:00:00',310.45),
(10902,'FOLKO',1,'1998-02-23 00:00:00','1998-03-03 00:00:00',220.75),
(10903,'HANAR',3,'1998-02-24 00:00:00','1998-03-04 00:00:00',183.55),
(10904,'WHITC',3,'1998-02-24 00:00:00','1998-02-27 00:00:00',814.75),
(10905,'WELLI',9,'1998-02-24 00:00:00','1998-03-06 00:00:00',68.6),
(10906,'WOLZA',4,'1998-02-25 00:00:00','1998-03-03 00:00:00',131.45),
(10907,'SPECD',6,'1998-02-25 00:00:00','1998-02-27 00:00:00',45.95),
(10908,'REGGC',4,'1998-02-26 00:00:00','1998-03-06 00:00:00',164.8),
(10909,'SANTG',1,'1998-02-26 00:00:00','1998-03-10 00:00:00',265.25),
(10910,'WILMK',1,'1998-02-26 00:00:00','1998-03-04 00:00:00',190.55),
(10911,'GODOS',3,'1998-02-26 00:00:00','1998-03-05 00:00:00',190.95),
(10912,'HUNGO',2,'1998-02-26 00:00:00','1998-03-18 00:00:00',2904.55),
(10913,'QUEEN',4,'1998-02-26 00:00:00','1998-03-04 00:00:00',165.25),
(10914,'QUEEN',6,'1998-02-27 00:00:00','1998-03-02 00:00:00',105.95),
(10915,'TORTU',2,'1998-02-27 00:00:00','1998-03-02 00:00:00',17.55),
(10916,'RANCH',1,'1998-02-27 00:00:00','1998-03-09 00:00:00',318.85),
(10917,'ROMEY',4,'1998-02-03 00:00:00','1998-11-03 00:00:00',41.45),
(10918,'BOTTM',3,'1998-02-03 00:00:00','1998-11-03 00:00:00',244.15),
(10919,'LINOD',2,'1998-02-03 00:00:00','1998-04-03 00:00:00',0.99),
(10920,'AROUT',4,'1998-03-03 00:00:00','1998-09-03 00:00:00',148.05),
(10921,'VAFFE',1,'1998-03-03 00:00:00','1998-09-03 00:00:00',882.4),
(10922,'HANAR',5,'1998-03-03 00:00:00','1998-05-03 00:00:00',313.7),
(10923,'LAMAI',7,'1998-03-03 00:00:00','1998-03-13 00:00:00',341.3),
(10924,'BERGS',3,'1998-04-03 00:00:00','1998-08-04 00:00:00',757.6),
(10925,'HANAR',3,'1998-03-04 00:00:00','1998-03-13 00:00:00',11.35),
(10926,'ANATR',4,'1998-04-03 00:00:00','1998-11-03 00:00:00',199.6),
(10927,'LACOR',4,'1998-05-03 00:00:00','1998-08-04 00:00:00',98.95),
(10928,'GALED',1,'1998-03-05 00:00:00','1998-03-18 00:00:00',6.8),
(10929,'FRANK',6,'1998-05-03 00:00:00','1998-12-03 00:00:00',169.65),
(10930,'SUPRD',4,'1998-03-06 00:00:00','1998-03-18 00:00:00',77.75),
(10931,'RICSU',4,'1998-03-06 00:00:00','1998-03-19 00:00:00',0.68),
(10932,'BONAP',8,'1998-03-06 00:00:00','1998-03-24 00:00:00',673.2),
(10933,'ISLAT',6,'1998-03-06 00:00:00','1998-03-16 00:00:00',270.75),
(10934,'LEHMS',3,'1998-09-03 00:00:00','1998-12-03 00:00:00',160.05),
(10935,'WELLI',4,'1998-03-09 00:00:00','1998-03-18 00:00:00',237.95),
(10936,'GREAL',3,'1998-03-09 00:00:00','1998-03-18 00:00:00',168.4),
(10937,'CACTU',7,'1998-03-10 00:00:00','1998-03-13 00:00:00',157.55),
(10938,'QUICK',3,'1998-03-10 00:00:00','1998-03-16 00:00:00',159.45),
(10939,'MAGAA',2,'1998-03-10 00:00:00','1998-03-13 00:00:00',381.65),
(10940,'BONAP',8,'1998-03-11 00:00:00','1998-03-23 00:00:00',98.85),
(10941,'SAVEA',7,'1998-03-11 00:00:00','1998-03-20 00:00:00',2004.05),
(10942,'REGGC',9,'1998-03-11 00:00:00','1998-03-18 00:00:00',89.75),
(10943,'BSBEV',4,'1998-03-11 00:00:00','1998-03-19 00:00:00',10.85),
(10944,'BOTTM',6,'1998-03-12 00:00:00','1998-03-13 00:00:00',264.6),
(10945,'MORGK',4,'1998-03-12 00:00:00','1998-03-18 00:00:00',51.1),
(10946,'VAFFE',1,'1998-03-12 00:00:00','1998-03-19 00:00:00',1.36),
(10947,'BSBEV',3,'1998-03-13 00:00:00','1998-03-16 00:00:00',16.3),
(10948,'GODOS',3,'1998-03-13 00:00:00','1998-03-19 00:00:00',116.95),
(10949,'BOTTM',2,'1998-03-13 00:00:00','1998-03-17 00:00:00',372.2),
(10950,'MAGAA',1,'1998-03-16 00:00:00','1998-03-23 00:00:00',12.5),
(10951,'RICSU',9,'1998-03-16 00:00:00','1998-04-07 00:00:00',154.25),
(10952,'ALFKI',1,'1998-03-16 00:00:00','1998-03-24 00:00:00',202.1),
(10953,'AROUT',9,'1998-03-16 00:00:00','1998-03-25 00:00:00',118.6),
(10954,'LINOD',5,'1998-03-17 00:00:00','1998-03-20 00:00:00',139.55),
(10955,'FOLKO',8,'1998-03-17 00:00:00','1998-03-20 00:00:00',16.3),
(10956,'BLAUS',6,'1998-03-17 00:00:00','1998-03-20 00:00:00',223.25),
(10957,'HILAA',8,'1998-03-18 00:00:00','1998-03-27 00:00:00',526.8),
(10958,'OCEAN',7,'1998-03-18 00:00:00','1998-03-27 00:00:00',247.8),
(10959,'GOURL',6,'1998-03-18 00:00:00','1998-03-23 00:00:00',24.9),
(10960,'HILAA',3,'1998-03-19 00:00:00','1998-04-08 00:00:00',10.4),
(10961,'QUEEN',8,'1998-03-19 00:00:00','1998-03-30 00:00:00',522.35),
(10962,'QUICK',8,'1998-03-19 00:00:00','1998-03-23 00:00:00',1378.95),
(10963,'FURIB',9,'1998-03-19 00:00:00','1998-03-26 00:00:00',13.5),
(10964,'SPECD',3,'1998-03-20 00:00:00','1998-03-24 00:00:00',436.9),
(10965,'OLDWO',6,'1998-03-20 00:00:00','1998-03-30 00:00:00',721.9),
(10966,'CHOPS',4,'1998-03-20 00:00:00','1998-04-08 00:00:00',135.95),
(10967,'TOMSP',2,'1998-03-23 00:00:00','1998-04-02 00:00:00',311.1),
(10968,'ERNSH',1,'1998-03-23 00:00:00','1998-04-01 00:00:00',3.73),
(10969,'COMMI',1,'1998-03-23 00:00:00','1998-03-30 00:00:00',1.05),
(10970,'BOLID',9,'1998-03-24 00:00:00','1998-04-24 00:00:00',80.8),
(10971,'FRANR',2,'1998-03-24 00:00:00','1998-04-02 00:00:00',609.1),
(10972,'LACOR',4,'1998-03-24 00:00:00','1998-03-26 00:00:00',0.1),
(10973,'LACOR',6,'1998-03-24 00:00:00','1998-03-27 00:00:00',75.85),
(10974,'SPLIR',3,'1998-03-25 00:00:00','1998-04-03 00:00:00',64.8),
(10975,'BOTTM',1,'1998-03-25 00:00:00','1998-03-27 00:00:00',161.35),
(10976,'HILAA',1,'1998-03-25 00:00:00','1998-04-03 00:00:00',189.85),
(10977,'FOLKO',8,'1998-03-26 00:00:00','1998-04-10 00:00:00',1042.5),
(10978,'MAISD',9,'1998-03-26 00:00:00','1998-04-23 00:00:00',164.1),
(10979,'ERNSH',8,'1998-03-26 00:00:00','1998-03-31 00:00:00',1765.35),
(10980,'FOLKO',4,'1998-03-27 00:00:00','1998-04-17 00:00:00',6.3),
(10981,'HANAR',1,'1998-03-27 00:00:00','1998-04-02 00:00:00',966.85),
(10982,'BOTTM',2,'1998-03-27 00:00:00','1998-04-08 00:00:00',70.05),
(10983,'SAVEA',2,'1998-03-27 00:00:00','1998-04-06 00:00:00',3287.7),
(10984,'SAVEA',1,'1998-03-30 00:00:00','1998-04-03 00:00:00',1056.1),
(10985,'HUNGO',2,'1998-03-30 00:00:00','1998-04-02 00:00:00',457.55),
(10986,'OCEAN',8,'1998-03-30 00:00:00','1998-04-21 00:00:00',1089.3),
(10987,'EASTC',8,'1998-03-31 00:00:00','1998-04-06 00:00:00',927.4),
(10988,'RATTC',3,'1998-03-31 00:00:00','1998-04-10 00:00:00',305.7),
(10989,'QUEDE',2,'1998-03-31 00:00:00','1998-04-02 00:00:00',173.8),
(10990,'ERNSH',2,'1998-01-04 00:00:00','1998-07-04 00:00:00',588.05),
(10991,'QUICK',1,'1998-01-04 00:00:00','1998-07-04 00:00:00',192.55),
(10992,'THEBI',1,'1998-01-04 00:00:00','1998-03-04 00:00:00',21.35),
(10993,'FOLKO',7,'1998-01-04 00:00:00','1998-10-04 00:00:00',44.05),
(10994,'VAFFE',2,'1998-02-04 00:00:00','1998-09-04 00:00:00',327.65),
(10995,'PERIC',1,'1998-02-04 00:00:00','1998-06-04 00:00:00',2.3),
(10996,'QUICK',4,'1998-02-04 00:00:00','1998-10-04 00:00:00',5.6),
(10997,'LILAS',8,'1998-04-03 00:00:00','1998-04-13 00:00:00',369.55),
(10998,'WOLZA',8,'1998-04-03 00:00:00','1998-04-17 00:00:00',101.55),
(10999,'OTTIK',6,'1998-03-04 00:00:00','1998-10-04 00:00:00',481.75),
(11000,'RATTC',2,'1998-04-06 00:00:00','1998-04-14 00:00:00',275.6),
(11001,'FOLKO',2,'1998-04-06 00:00:00','1998-04-14 00:00:00',986.5),
(11002,'SAVEA',4,'1998-04-06 00:00:00','1998-04-16 00:00:00',705.8),
(11003,'THECR',3,'1998-06-04 00:00:00','1998-08-04 00:00:00',74.55),
(11004,'MAISD',3,'1998-04-07 00:00:00','1998-04-20 00:00:00',224.2),
(11005,'WILMK',2,'1998-07-04 00:00:00','1998-10-04 00:00:00',3.75),
(11006,'GREAL',3,'1998-04-07 00:00:00','1998-04-15 00:00:00',125.95),
(11007,'PRINI',8,'1998-04-08 00:00:00','1998-04-13 00:00:00',1011.2),
(11008,'ERNSH',7,'1998-08-04 00:00:00','2000-01-01 00:00:00',397.3),
(11009,'GODOS',2,'1998-08-04 00:00:00','1998-10-04 00:00:00',295.55),
(11010,'REGGC',2,'1998-04-09 00:00:00','1998-04-21 00:00:00',143.55),
(11011,'ALFKI',3,'1998-04-09 00:00:00','1998-04-13 00:00:00',6.05),
(11012,'FRANK',1,'1998-04-09 00:00:00','1998-04-17 00:00:00',1214.75),
(11013,'ROMEY',2,'1998-09-04 00:00:00','1998-10-04 00:00:00',164.95),
(11014,'LINOD',2,'1998-04-10 00:00:00','1998-04-15 00:00:00',1.18),
(11015,'SANTG',2,'1998-04-10 00:00:00','1998-04-20 00:00:00',23.1),
(11016,'AROUT',9,'1998-04-10 00:00:00','1998-04-13 00:00:00',1.69),
(11017,'ERNSH',9,'1998-04-13 00:00:00','1998-04-20 00:00:00',3771.3),
(11018,'LONEP',4,'1998-04-13 00:00:00','1998-04-16 00:00:00',58.25),
(11019,'RANCH',6,'1998-04-13 00:00:00','2000-01-01 00:00:00',15.85),
(11020,'OTTIK',2,'1998-04-14 00:00:00','1998-04-16 00:00:00',216.5),
(11021,'QUICK',3,'1998-04-14 00:00:00','1998-04-21 00:00:00',1485.9),
(11022,'HANAR',9,'1998-04-14 00:00:00','1998-05-04 00:00:00',31.35),
(11023,'BSBEV',1,'1998-04-14 00:00:00','1998-04-24 00:00:00',619.15),
(11024,'EASTC',4,'1998-04-15 00:00:00','1998-04-20 00:00:00',371.8),
(11025,'WARTH',6,'1998-04-15 00:00:00','1998-04-24 00:00:00',145.85),
(11026,'FRANS',4,'1998-04-15 00:00:00','1998-04-28 00:00:00',235.45),
(11027,'BOTTM',1,'1998-04-16 00:00:00','1998-04-20 00:00:00',262.6),
(11028,'KOENE',2,'1998-04-16 00:00:00','1998-04-22 00:00:00',147.95),
(11029,'CHOPS',4,'1998-04-16 00:00:00','1998-04-27 00:00:00',239.2),
(11030,'SAVEA',7,'1998-04-17 00:00:00','1998-04-27 00:00:00',4153.75),
(11031,'SAVEA',6,'1998-04-17 00:00:00','1998-04-24 00:00:00',1136.1),
(11032,'WHITC',2,'1998-04-17 00:00:00','1998-04-23 00:00:00',3030.95),
(11033,'RICSU',7,'1998-04-17 00:00:00','1998-04-23 00:00:00',423.7),
(11034,'OLDWO',8,'1998-04-20 00:00:00','1998-04-27 00:00:00',201.6),
(11035,'SUPRD',2,'1998-04-20 00:00:00','1998-04-24 00:00:00',0.85),
(11036,'DRACD',8,'1998-04-20 00:00:00','1998-04-22 00:00:00',747.35),
(11037,'GODOS',7,'1998-04-21 00:00:00','1998-04-27 00:00:00',0.16),
(11038,'SUPRD',1,'1998-04-21 00:00:00','1998-04-30 00:00:00',147.95),
(11039,'LINOD',1,'1998-04-21 00:00:00','2000-01-01 00:00:00',3.25),
(11040,'GREAL',4,'1998-04-22 00:00:00','2000-01-01 00:00:00',94.2),
(11041,'CHOPS',3,'1998-04-22 00:00:00','1998-04-28 00:00:00',241.1),
(11042,'COMMI',2,'1998-04-22 00:00:00','1998-05-01 00:00:00',149.95),
(11043,'SPECD',5,'1998-04-22 00:00:00','1998-04-29 00:00:00',0.44),
(11044,'WOLZA',4,'1998-04-23 00:00:00','1998-05-01 00:00:00',43.6),
(11045,'BOTTM',6,'1998-04-23 00:00:00','2000-01-01 00:00:00',352.9),
(11046,'WANDK',8,'1998-04-23 00:00:00','1998-04-24 00:00:00',358.2),
(11047,'EASTC',7,'1998-04-24 00:00:00','1998-05-01 00:00:00',233.1),
(11048,'BOTTM',7,'1998-04-24 00:00:00','1998-04-30 00:00:00',120.6),
(11049,'GOURL',3,'1998-04-24 00:00:00','1998-05-04 00:00:00',41.7),
(11050,'FOLKO',8,'1998-04-27 00:00:00','1998-05-05 00:00:00',297.05),
(11051,'LAMAI',7,'1998-04-27 00:00:00','2000-01-01 00:00:00',13.95),
(11052,'HANAR',3,'1998-04-27 00:00:00','1998-05-01 00:00:00',336.3),
(11053,'PICCO',2,'1998-04-27 00:00:00','1998-04-29 00:00:00',265.25),
(11054,'CACTU',8,'1998-04-28 00:00:00','2000-01-01 00:00:00',1.65),
(11055,'HILAA',7,'1998-04-28 00:00:00','1998-05-05 00:00:00',604.6),
(11056,'EASTC',8,'1998-04-28 00:00:00','1998-05-01 00:00:00',1394.8),
(11057,'NORTS',3,'1998-04-29 00:00:00','1998-05-01 00:00:00',20.65),
(11058,'BLAUS',9,'1998-04-29 00:00:00','2000-01-01 00:00:00',155.7),
(11059,'RICAR',2,'1998-04-29 00:00:00','2000-01-01 00:00:00',4.29),
(11060,'FRANS',2,'1998-04-30 00:00:00','1998-05-04 00:00:00',54.9),
(11061,'GREAL',4,'1998-04-30 00:00:00','2000-01-01 00:00:00',70.05),
(11062,'REGGC',4,'1998-04-30 00:00:00','2000-01-01 00:00:00',149.65),
(11063,'HUNGO',3,'1998-04-30 00:00:00','1998-05-06 00:00:00',408.65),
(11064,'SAVEA',1,'1998-01-05 00:00:00','1998-04-05 00:00:00',150.45),
(11065,'LILAS',8,'1998-01-05 00:00:00','2000-01-01 00:00:00',64.55),
(11066,'WHITC',7,'1998-01-05 00:00:00','1998-04-05 00:00:00',223.6),
(11067,'DRACD',1,'1998-04-05 00:00:00','1998-06-05 00:00:00',39.9),
(11068,'QUEEN',8,'1998-04-05 00:00:00','2000-01-01 00:00:00',408.75),
(11069,'TORTU',1,'1998-04-05 00:00:00','1998-06-05 00:00:00',78.35),
(11070,'LEHMS',2,'1998-05-05 00:00:00','2000-01-01 00:00:00',6.8),
(11071,'LILAS',1,'1998-05-05 00:00:00','2000-01-01 00:00:00',4.65),
(11072,'ERNSH',4,'1998-05-05 00:00:00','2000-01-01 00:00:00',1293.2),
(11073,'PERIC',2,'1998-05-05 00:00:00','2000-01-01 00:00:00',124.75),
(11074,'SIMOB',7,'1998-06-05 00:00:00','2000-01-01 00:00:00',92.2),
(11075,'RICSU',8,'1998-06-05 00:00:00','2000-01-01 00:00:00',30.95),
(11076,'BONAP',4,'1998-06-05 00:00:00','2000-01-01 00:00:00',191.4),
(11077,'RATTC',1,'1998-06-05 00:00:00','2000-01-01 00:00:00',42.65);

CREATE TABLE dbo.DETAILS_COMMANDES (
	NO_COMMANDE numeric(5) NOT NULL,
	REF_PRODUIT numeric(5) NOT NULL,
	PRIX_UNITAIRE numeric(5) NOT NULL,
	QUANTITE numeric(5) NOT NULL,
	REMISE float(8) NOT NULL
);

-- Add 2155 rows for DETAILS_COMMANDES.
INSERT INTO DETAILS_COMMANDES (NO_COMMANDE, REF_PRODUIT, PRIX_UNITAIRE, QUANTITE, REMISE) VALUES 
(10411,44,77.5,40,0.2),
(10411,59,220,9,0.2),
(10412,14,93,20,0.1),
(10413,1,72,24,0),
(10413,62,197,40,0),
(10413,76,72,14,0),
(10414,19,36.5,18,0.05),
(10414,33,10,50,0),
(10415,17,156,2,0),
(10415,33,10,20,0),
(10416,19,36.5,20,0),
(10416,53,131,10,0),
(10416,57,78,20,0),
(10417,38,1054,50,0),
(10417,46,48,2,0.25),
(10417,68,50,36,0.25),
(10417,77,52,35,0),
(10418,2,76,60,0),
(10418,47,38,55,0),
(10418,61,114,16,0),
(10418,74,40,15,0),
(10419,60,136,60,0.05),
(10419,69,144,20,0.05),
(10420,9,388,20,0.1),
(10420,13,24,2,0.1),
(10420,70,60,8,0.1),
(10420,73,60,20,0.1),
(10421,19,36.5,4,0.15),
(10421,26,124.5,30,0),
(10421,53,131,15,0.15),
(10421,77,52,10,0.15),
(10422,26,124.5,2,0),
(10423,31,50,14,0),
(10423,59,220,20,0),
(10424,35,72,60,0.2),
(10424,38,1054,49,0.2),
(10424,68,50,30,0.2),
(10425,55,96,10,0.25),
(10425,76,72,20,0.25),
(10426,56,152,5,0),
(10426,64,133,7,0),
(10427,14,93,35,0),
(10428,46,48,20,0),
(10429,50,65,40,0),
(10429,63,175.5,35,0.25),
(10430,17,156,45,0.2),
(10430,21,40,50,0),
(10430,56,152,30,0),
(10430,59,220,70,0.2),
(10431,17,156,50,0.25),
(10431,40,73.5,50,0.25),
(10431,47,38,30,0.25),
(10432,26,124.5,10,0),
(10432,54,29.5,40,0),
(10433,56,152,28,0),
(10434,11,84,6,0),
(10434,76,72,18,0.15),
(10435,2,76,10,0),
(10435,22,84,12,0),
(10435,72,139,10,0),
(10436,46,48,5,0),
(10436,56,152,40,0.1),
(10436,64,133,30,0.1),
(10436,75,31,24,0.1),
(10437,53,131,15,0),
(10438,19,36.5,15,0.2),
(10438,34,56,20,0.2),
(10438,57,78,15,0.2),
(10439,12,152,15,0),
(10439,16,69.5,16,0),
(10439,64,133,6,0),
(10439,74,40,30,0),
(10440,2,76,45,0.15),
(10440,16,69.5,49,0.15),
(10440,29,495,24,0.15),
(10440,61,114,90,0.15),
(10441,27,175.5,50,0),
(10442,11,84,30,0),
(10442,54,29.5,80,0),
(10442,66,68,60,0),
(10443,11,84,6,0.2),
(10443,28,182,12,0),
(10444,17,156,10,0),
(10444,26,124.5,15,0),
(10444,35,72,8,0),
(10444,41,38.5,30,0),
(10445,39,72,6,0),
(10445,54,29.5,15,0),
(10446,19,36.5,12,0.1),
(10446,24,18,20,0.1),
(10446,31,50,3,0.1),
(10446,52,28,15,0.1),
(10447,19,36.5,40,0),
(10447,65,84,35,0),
(10447,71,86,2,0),
(10448,26,124.5,6,0),
(10448,40,73.5,20,0),
(10449,10,124,14,0),
(10449,52,28,20,0),
(10449,62,197,35,0),
(10450,10,124,20,0.2),
(10450,54,29.5,6,0.2),
(10451,55,96,120,0.1),
(10451,64,133,35,0.1),
(10451,65,84,28,0.1),
(10451,77,52,55,0.1),
(10452,28,182,15,0),
(10452,44,77.5,100,0.05),
(10453,48,51,15,0.1),
(10453,70,60,25,0.1),
(10454,16,69.5,20,0.2),
(10454,33,10,20,0.2),
(10454,46,48,10,0.2),
(10455,39,72,20,0),
(10455,53,131,50,0),
(10455,61,114,25,0),
(10455,71,86,30,0),
(10456,21,40,40,0.15),
(10456,49,80,21,0.15),
(10457,59,220,36,0),
(10458,26,124.5,30,0),
(10458,28,182,30,0),
(10458,43,184,20,0),
(10458,56,152,15,0),
(10458,71,86,50,0),
(10459,7,120,16,0.05),
(10459,46,48,20,0.05),
(10459,72,139,40,0),
(10460,68,50,21,0.25),
(10460,75,31,4,0.25),
(10461,21,40,40,0.25),
(10461,30,103.5,28,0.25),
(10461,55,96,60,0.25),
(10462,13,24,1,0),
(10462,23,36,21,0),
(10463,19,36.5,21,0),
(10463,42,56,50,0),
(10464,4,88,16,0.2),
(10464,43,184,3,0),
(10464,56,152,30,0.2),
(10464,60,136,20,0),
(10465,24,18,25,0),
(10465,29,495,18,0.1),
(10465,40,73.5,20,0),
(10465,45,38,30,0.1),
(10465,50,65,25,0),
(10466,11,84,10,0),
(10466,46,48,5,0),
(10467,24,18,28,0),
(10467,25,56,12,0),
(10468,30,103.5,8,0),
(10468,43,184,15,0),
(10469,2,76,40,0.15),
(10469,16,69.5,35,0.15),
(10469,44,77.5,2,0.15),
(10470,18,250,30,0),
(10470,23,36,15,0),
(10470,64,133,8,0),
(10471,7,120,30,0),
(10471,56,152,20,0),
(10472,24,18,80,0.05),
(10472,51,212,18,0),
(10473,33,10,12,0),
(10473,71,86,12,0),
(10474,14,93,12,0),
(10474,28,182,18,0),
(10474,40,73.5,21,0),
(10474,75,31,10,0),
(10475,31,50,35,0.15),
(10475,66,68,60,0.15),
(10475,76,72,42,0.15),
(10476,55,96,2,0.05),
(10476,70,60,12,0),
(10477,1,72,15,0),
(10477,21,40,21,0.25),
(10477,39,72,20,0.25),
(10478,10,124,20,0.05),
(10479,38,1054,30,0),
(10479,53,131,28,0),
(10479,59,220,60,0),
(10479,64,133,30,0),
(10480,47,38,30,0),
(10480,59,220,12,0),
(10481,49,80,24,0),
(10481,60,136,40,0),
(10482,40,73.5,10,0),
(10483,34,56,35,0.05),
(10483,77,52,30,0.05),
(10484,21,40,14,0),
(10484,40,73.5,10,0),
(10484,51,212,3,0),
(10485,2,76,20,0.1),
(10485,3,40,20,0.1),
(10485,55,96,30,0.1),
(10485,70,60,60,0.1),
(10486,11,84,5,0),
(10486,51,212,25,0),
(10486,74,40,16,0),
(10487,19,36.5,5,0),
(10487,26,124.5,30,0),
(10487,54,29.5,24,0.25),
(10488,59,220,30,0),
(10488,73,60,20,0.2),
(10489,11,84,15,0.25),
(10489,16,69.5,18,0),
(10490,59,220,60,0),
(10490,68,50,30,0),
(10490,75,31,36,0),
(10491,44,77.5,15,0.15),
(10491,77,52,7,0.15),
(10492,25,56,60,0.05),
(10492,42,56,20,0.05),
(10493,65,84,15,0.1),
(10493,66,68,10,0.1),
(10493,69,144,10,0.1),
(10494,56,152,30,0),
(10495,23,36,10,0),
(10495,41,38.5,20,0),
(10329,38,1054,20,0.05),
(10329,56,152,12,0.05),
(10330,26,124.5,50,0.15),
(10330,72,139,25,0.15),
(10331,54,29.5,15,0),
(10332,18,250,40,0.2),
(10332,42,56,10,0.2),
(10332,47,38,16,0.2),
(10333,14,93,10,0),
(10333,21,40,10,0.1),
(10333,71,86,40,0.1),
(10334,52,28,8,0),
(10334,68,50,10,0),
(10335,2,76,7,0.2),
(10335,31,50,25,0.2),
(10335,32,128,6,0.2),
(10335,51,212,48,0.2),
(10336,4,88,18,0.1),
(10337,23,36,40,0),
(10337,26,124.5,24,0),
(10337,36,76,20,0),
(10337,37,104,28,0),
(10337,72,139,25,0),
(10338,17,156,20,0),
(10338,30,103.5,15,0),
(10339,4,88,10,0),
(10339,17,156,70,0.05),
(10339,62,197,28,0),
(10340,18,250,20,0.05),
(10340,41,38.5,12,0.05),
(10340,43,184,40,0.05),
(10341,33,10,8,0),
(10341,59,220,9,0.15),
(10342,2,76,24,0.2),
(10342,31,50,56,0.2),
(10342,36,76,40,0.2),
(10342,55,96,40,0.2),
(10343,64,133,50,0),
(10343,68,50,4,0.05),
(10343,76,72,15,0),
(10344,4,88,35,0),
(10344,8,160,70,0.25),
(10345,8,160,70,0),
(10345,19,36.5,80,0),
(10345,42,56,9,0),
(10346,17,156,36,0.1),
(10346,56,152,20,0),
(10347,25,56,10,0),
(10347,39,72,50,0.15),
(10347,40,73.5,4,0),
(10347,75,31,6,0.15),
(10348,1,72,15,0.15),
(10348,23,36,25,0),
(10349,54,29.5,24,0),
(10350,50,65,15,0.1),
(10350,69,144,18,0.1),
(10351,38,1054,20,0.05),
(10351,41,38.5,13,0),
(10351,44,77.5,77,0.05),
(10351,65,84,10,0.05),
(10352,24,18,10,0),
(10352,54,29.5,20,0.15),
(10353,11,84,12,0.2),
(10353,38,1054,50,0.2),
(10354,1,72,12,0),
(10354,29,495,4,0),
(10355,24,18,25,0),
(10355,57,78,25,0),
(10356,31,50,30,0),
(10356,55,96,12,0),
(10356,69,144,20,0),
(10357,10,124,30,0.2),
(10357,26,124.5,16,0),
(10357,60,136,8,0.2),
(10358,24,18,10,0.05),
(10358,34,56,10,0.05),
(10358,36,76,20,0.05),
(10359,16,69.5,56,0.05),
(10359,31,50,70,0.05),
(10359,60,136,80,0.05),
(10360,28,182,30,0),
(10360,29,495,35,0),
(10360,38,1054,10,0),
(10360,49,80,35,0),
(10360,54,29.5,28,0),
(10361,39,72,54,0.1),
(10361,60,136,55,0.1),
(10362,25,56,50,0),
(10362,51,212,20,0),
(10362,54,29.5,24,0),
(10363,31,50,20,0),
(10363,75,31,12,0),
(10363,76,72,12,0),
(10364,69,144,30,0),
(10364,71,86,5,0),
(10365,11,84,24,0),
(10366,65,84,5,0),
(10366,77,52,5,0),
(10367,34,56,36,0),
(10367,54,29.5,18,0),
(10367,65,84,15,0),
(10367,77,52,7,0),
(10368,21,40,5,0.1),
(10368,28,182,13,0.1),
(10368,57,78,25,0),
(10368,64,133,35,0.1),
(10369,29,495,20,0),
(10369,56,152,18,0.25),
(10370,1,72,15,0.15),
(10370,64,133,30,0),
(10370,74,40,20,0.15),
(10371,36,76,6,0.2),
(10372,20,324,12,0.25),
(10372,38,1054,40,0.25),
(10372,60,136,70,0.25),
(10372,72,139,42,0.25),
(10373,58,53,80,0.2),
(10373,71,86,50,0.2),
(10374,31,50,30,0),
(10374,58,53,15,0),
(10375,14,93,15,0),
(10375,54,29.5,10,0),
(10376,31,50,42,0.05),
(10377,28,182,20,0.15),
(10377,39,72,20,0.15),
(10378,71,86,6,0),
(10379,41,38.5,8,0.1),
(10379,63,175.5,16,0.1),
(10379,65,84,20,0.1),
(10380,30,103.5,18,0.1),
(10380,53,131,20,0.1),
(10380,60,136,6,0.1),
(10380,70,60,30,0),
(10381,74,40,14,0),
(10382,5,85,32,0),
(10382,18,250,9,0),
(10382,29,495,14,0),
(10382,33,10,60,0),
(10382,74,40,50,0),
(10383,13,24,20,0),
(10383,50,65,15,0),
(10383,56,152,20,0),
(10384,20,324,28,0),
(10384,60,136,15,0),
(10385,7,120,10,0.2),
(10385,60,136,20,0.2),
(10385,68,50,8,0.2),
(10386,24,18,15,0),
(10386,34,56,10,0),
(10387,24,18,15,0),
(10387,28,182,6,0),
(10387,59,220,12,0),
(10387,71,86,15,0),
(10388,45,38,15,0.2),
(10388,52,28,20,0.2),
(10388,53,131,40,0),
(10389,10,124,16,0),
(10389,55,96,15,0),
(10389,62,197,20,0),
(10389,70,60,30,0),
(10390,31,50,60,0.1),
(10390,35,72,40,0.1),
(10390,46,48,45,0),
(10390,72,139,24,0.1),
(10391,13,24,18,0),
(10392,69,144,50,0),
(10393,2,76,25,0.25),
(10393,14,93,42,0.25),
(10393,25,56,7,0.25),
(10393,26,124.5,70,0.25),
(10393,31,50,32,0),
(10394,13,24,10,0),
(10394,62,197,10,0),
(10395,46,48,28,0.1),
(10395,53,131,70,0.1),
(10395,69,144,8,0),
(10396,23,36,40,0),
(10396,71,86,60,0),
(10396,72,139,21,0),
(10397,21,40,10,0.15),
(10397,51,212,18,0.15),
(10398,35,72,30,0),
(10398,55,96,120,0.1),
(10399,68,50,60,0),
(10399,71,86,30,0),
(10399,76,72,35,0),
(10399,77,52,14,0),
(10400,29,495,21,0),
(10400,35,72,35,0),
(10400,49,80,30,0),
(10401,30,103.5,18,0),
(10401,56,152,70,0),
(10401,65,84,20,0),
(10401,71,86,60,0),
(10402,23,36,60,0),
(10402,63,175.5,65,0),
(10403,16,69.5,21,0.15),
(10403,48,51,70,0.15),
(10404,26,124.5,30,0.05),
(10404,42,56,40,0.05),
(10404,49,80,30,0.05),
(10405,3,40,50,0),
(10406,1,72,10,0),
(10406,21,40,30,0.1),
(10406,28,182,42,0.1),
(10406,36,76,5,0.1),
(10406,40,73.5,2,0.1),
(10407,11,84,30,0),
(10407,69,144,15,0),
(10407,71,86,15,0),
(10408,37,104,10,0),
(10408,54,29.5,6,0),
(10408,62,197,35,0),
(10409,14,93,12,0),
(10409,21,40,12,0),
(10410,33,10,49,0),
(10410,59,220,16,0),
(10411,41,38.5,25,0.2),
(10248,11,70,12,0),
(10248,42,49,10,0),
(10248,72,174,5,0),
(10249,14,93,9,0),
(10249,51,212,40,0),
(10250,41,38.5,10,0),
(10250,51,212,35,0.15),
(10250,65,84,15,0.15),
(10251,22,84,6,0.05),
(10251,57,78,15,0.05),
(10251,65,84,20,0),
(10252,20,324,40,0.05),
(10252,33,10,25,0.05),
(10252,60,136,40,0),
(10253,31,50,20,0),
(10253,39,72,42,0),
(10253,49,80,40,0),
(10254,24,18,15,0.15),
(10254,55,96,21,0.15),
(10254,74,40,21,0),
(10255,2,76,20,0),
(10255,16,69.5,35,0),
(10255,36,76,25,0),
(10255,59,220,30,0),
(10256,53,131,15,0),
(10256,77,52,12,0),
(10257,27,175.5,25,0),
(10257,39,72,6,0),
(10257,77,52,15,0),
(10258,2,76,50,0.2),
(10258,5,85,65,0.2),
(10258,32,128,6,0.2),
(10259,21,40,10,0),
(10259,37,104,1,0),
(10260,41,38.5,16,0.25),
(10260,57,78,50,0),
(10260,62,197,15,0.25),
(10260,70,60,21,0.25),
(10261,21,40,20,0),
(10261,35,72,20,0),
(10262,5,85,12,0.2),
(10262,7,120,15,0),
(10262,56,152,2,0),
(10263,16,69.5,60,0.25),
(10263,24,18,28,0),
(10263,30,103.5,60,0.25),
(10263,74,40,36,0.25),
(10264,2,76,35,0),
(10264,41,38.5,25,0.15),
(10265,17,156,30,0),
(10265,70,60,20,0),
(10266,12,152,12,0.05),
(10267,40,73.5,50,0),
(10267,59,220,70,0.15),
(10267,76,72,15,0.15),
(10268,29,495,10,0),
(10268,72,139,4,0),
(10269,33,10,60,0.05),
(10269,72,139,20,0.05),
(10270,36,76,30,0),
(10270,43,184,25,0),
(10271,33,10,24,0),
(10272,20,324,6,0),
(10272,31,50,40,0),
(10272,72,139,24,0),
(10273,10,124,24,0.05),
(10273,31,50,15,0.05),
(10273,33,10,20,0),
(10273,40,73.5,60,0.05),
(10273,76,72,33,0.05),
(10274,71,86,20,0),
(10274,72,139,7,0),
(10275,24,18,12,0.05),
(10275,59,220,6,0.05),
(10276,10,124,15,0),
(10276,13,24,10,0),
(10277,28,182,20,0),
(10277,62,197,12,0),
(10278,44,77.5,16,0),
(10278,59,220,15,0),
(10278,63,175.5,8,0),
(10278,73,60,25,0),
(10279,17,156,15,0.25),
(10280,24,18,12,0),
(10280,55,96,20,0),
(10280,75,31,30,0),
(10281,19,36.5,1,0),
(10281,24,18,6,0),
(10281,35,72,4,0),
(10282,30,103.5,6,0),
(10282,57,78,2,0),
(10283,15,62,20,0),
(10283,19,36.5,18,0),
(10283,60,136,35,0),
(10283,72,139,3,0),
(10284,27,175.5,15,0.25),
(10284,44,77.5,21,0),
(10284,60,136,20,0.25),
(10284,67,56,5,0.25),
(10285,1,72,45,0.2),
(10285,40,73.5,40,0.2),
(10285,53,131,36,0.2),
(10286,35,72,100,0),
(10286,62,197,40,0),
(10287,16,69.5,40,0.15),
(10287,34,56,20,0),
(10287,46,48,15,0.15),
(10288,54,29.5,10,0.1),
(10288,68,50,3,0.1),
(10289,3,40,30,0),
(10289,64,133,9,0),
(10290,5,85,20,0),
(10290,29,495,15,0),
(10290,49,80,15,0),
(10290,77,52,10,0),
(10291,13,24,20,0.1),
(10291,44,77.5,24,0.1),
(10291,51,212,2,0.1),
(10292,20,324,20,0),
(10293,18,250,12,0),
(10293,24,18,10,0),
(10293,63,175.5,5,0),
(10293,75,31,6,0),
(10294,1,72,18,0),
(10294,17,156,15,0),
(10294,43,184,15,0),
(10294,60,136,21,0),
(10294,75,31,6,0),
(10295,56,152,4,0),
(10296,11,84,12,0),
(10296,16,69.5,30,0),
(10296,69,144,15,0),
(10297,39,72,60,0),
(10297,72,139,20,0),
(10298,2,76,40,0),
(10298,36,76,40,0.25),
(10298,59,220,30,0.25),
(10298,62,197,15,0),
(10299,19,36.5,15,0),
(10299,70,60,20,0),
(10300,66,68,30,0),
(10300,68,50,20,0),
(10301,40,73.5,10,0),
(10301,56,152,20,0),
(10302,17,156,40,0),
(10302,28,182,28,0),
(10302,43,184,12,0),
(10303,40,73.5,40,0.1),
(10303,65,84,30,0.1),
(10303,68,50,15,0.1),
(10304,49,80,30,0),
(10304,59,220,10,0),
(10304,71,86,2,0),
(10305,18,250,25,0.1),
(10305,29,495,25,0.1),
(10305,39,72,30,0.1),
(10306,30,103.5,10,0),
(10306,53,131,10,0),
(10306,54,29.5,5,0),
(10307,62,197,10,0),
(10307,68,50,3,0),
(10308,69,144,1,0),
(10308,70,60,5,0),
(10309,4,88,20,0),
(10309,6,100,30,0),
(10309,42,56,2,0),
(10309,43,184,20,0),
(10309,71,86,3,0),
(10310,16,69.5,10,0),
(10310,62,197,5,0),
(10311,42,56,6,0),
(10311,69,144,7,0),
(10312,28,182,4,0),
(10312,43,184,24,0),
(10312,53,131,20,0),
(10312,75,31,10,0),
(10313,36,76,12,0),
(10314,32,128,40,0.1),
(10314,58,53,30,0.1),
(10314,62,197,25,0.1),
(10315,34,56,14,0),
(10315,70,60,30,0),
(10316,41,38.5,10,0),
(10316,62,197,70,0),
(10317,1,72,20,0),
(10318,41,38.5,20,0),
(10318,76,72,6,0),
(10319,17,156,8,0),
(10319,28,182,14,0),
(10319,76,72,30,0),
(10320,71,86,30,0),
(10321,35,72,10,0),
(10322,52,28,20,0),
(10323,15,62,5,0),
(10323,25,56,4,0),
(10323,39,72,4,0),
(10324,16,69.5,21,0.15),
(10324,35,72,70,0.15),
(10324,46,48,30,0),
(10324,59,220,40,0.15),
(10324,63,175.5,80,0.15),
(10325,6,100,6,0),
(10325,13,24,12,0),
(10325,14,93,9,0),
(10325,31,50,4,0),
(10325,72,139,40,0),
(10326,4,88,24,0),
(10326,57,78,16,0),
(10326,75,31,50,0),
(10327,2,76,25,0.2),
(10327,11,84,50,0.2),
(10327,30,103.5,35,0.2),
(10327,58,53,30,0.2),
(10328,59,220,9,0),
(10328,65,84,40,0),
(10328,68,50,10,0),
(10329,19,36.5,10,0.05),
(10329,30,103.5,8,0.05),
(10495,77,52,5,0),
(10496,31,50,20,0.05),
(10497,56,152,14,0),
(10497,72,139,25,0),
(10497,77,52,25,0),
(10498,24,22.5,14,0),
(10498,40,92,5,0),
(10498,42,70,30,0),
(10499,28,228,20,0),
(10499,49,100,25,0),
(10500,15,77.5,12,0.05),
(10500,28,228,8,0.05),
(10501,54,37.25,20,0),
(10502,45,47.5,21,0),
(10502,53,164,6,0),
(10502,67,70,30,0),
(10503,14,116.25,70,0),
(10503,65,105.25,20,0),
(10504,2,95,12,0),
(10504,21,50,12,0),
(10504,53,164,10,0),
(10504,61,142.5,25,0),
(10505,62,246.5,3,0),
(10506,25,70,18,0.1),
(10506,70,75,14,0.1),
(10507,43,230,15,0.15),
(10507,48,63.75,15,0.15),
(10508,13,30,10,0),
(10508,39,90,10,0),
(10509,28,228,3,0),
(10510,29,618.95,36,0),
(10510,75,38.75,36,0.1),
(10511,4,110,50,0.15),
(10511,7,150,50,0.15),
(10511,8,200,10,0.15),
(10512,24,22.5,10,0.15),
(10512,46,60,9,0.15),
(10512,47,47.5,6,0.15),
(10512,60,170,12,0.15),
(10513,21,50,40,0.2),
(10513,32,160,50,0.2),
(10513,61,142.5,15,0.2),
(10514,20,405,39,0),
(10514,28,228,35,0),
(10514,56,190,70,0),
(10514,65,105.25,39,0),
(10514,75,38.75,50,0),
(10515,9,485,16,0.15),
(10515,16,87.25,50,0),
(10515,27,219.5,120,0),
(10515,33,12.5,16,0.15),
(10515,60,170,84,0.15),
(10516,18,312.5,25,0.1),
(10516,41,48.25,80,0.1),
(10516,42,70,20,0),
(10517,52,35,6,0),
(10517,59,275,4,0),
(10517,70,75,6,0),
(10518,24,22.5,5,0),
(10518,38,1317.5,15,0),
(10518,44,97.25,9,0),
(10519,10,155,16,0.05),
(10519,56,190,40,0),
(10519,60,170,10,0.05),
(10520,24,22.5,8,0),
(10520,53,164,5,0),
(10521,35,90,3,0),
(10521,41,48.25,10,0),
(10521,68,62.5,6,0),
(10522,1,90,40,0.2),
(10522,8,200,24,0),
(10522,30,129.45,20,0.2),
(10522,40,92,25,0.2),
(10523,17,195,25,0.1),
(10523,20,405,15,0.1),
(10523,37,130,18,0.1),
(10523,41,48.25,6,0.1),
(10524,10,155,2,0),
(10524,30,129.45,10,0),
(10524,43,230,60,0),
(10524,54,37.25,15,0),
(10525,36,95,30,0),
(10525,40,92,15,0.1),
(10526,1,90,8,0.15),
(10526,13,30,10,0),
(10526,56,190,30,0.15),
(10527,4,110,50,0.1),
(10527,36,95,30,0.1),
(10528,11,105,3,0),
(10528,33,12.5,8,0.2),
(10528,72,174,9,0),
(10529,55,120,14,0),
(10529,68,62.5,20,0),
(10529,69,180,10,0),
(10530,17,195,40,0),
(10530,43,230,25,0),
(10530,61,142.5,20,0),
(10530,76,90,50,0),
(10531,59,275,2,0),
(10532,30,129.45,15,0),
(10532,66,85,24,0),
(10533,4,110,50,0.05),
(10533,72,174,24,0),
(10533,73,75,24,0.05),
(10534,30,129.45,10,0),
(10534,40,92,10,0.2),
(10534,54,37.25,10,0.2),
(10535,11,105,50,0.1),
(10535,40,92,10,0.1),
(10535,57,97.5,5,0.1),
(10535,59,275,15,0.1),
(10536,12,190,15,0.25),
(10536,31,62.5,20,0),
(10536,33,12.5,30,0),
(10536,60,170,35,0.25),
(10537,31,62.5,30,0),
(10537,51,265,6,0),
(10537,58,66.25,20,0),
(10537,72,174,21,0),
(10537,73,75,9,0),
(10538,70,75,7,0),
(10538,72,174,1,0),
(10539,13,30,8,0),
(10539,21,50,15,0),
(10539,33,12.5,15,0),
(10539,49,100,6,0),
(10540,3,50,60,0),
(10540,26,156.15,40,0),
(10540,38,1317.5,30,0),
(10540,68,62.5,35,0),
(10541,24,22.5,35,0.1),
(10541,38,1317.5,4,0.1),
(10541,65,105.25,36,0.1),
(10541,71,107.5,9,0.1),
(10542,11,105,15,0.05),
(10542,54,37.25,24,0.05),
(10543,12,190,30,0.15),
(10543,23,45,70,0.15),
(10544,28,228,7,0),
(10544,67,70,7,0),
(10545,11,105,10,0),
(10546,7,150,10,0),
(10546,35,90,30,0),
(10546,62,246.5,40,0),
(10547,32,160,24,0.15),
(10547,36,95,60,0),
(10548,34,70,10,0.25),
(10548,41,48.25,14,0),
(10549,31,62.5,55,0.15),
(10549,45,47.5,100,0.15),
(10549,51,265,48,0.15),
(10550,17,195,8,0.1),
(10550,19,46,10,0),
(10550,21,50,6,0.1),
(10550,61,142.5,10,0.1),
(10551,16,87.25,40,0.15),
(10551,35,90,20,0.15),
(10551,44,97.25,40,0),
(10552,69,180,18,0),
(10552,75,38.75,30,0),
(10553,11,105,15,0),
(10553,16,87.25,14,0),
(10553,22,105,24,0),
(10553,31,62.5,30,0),
(10553,35,90,6,0),
(10554,16,87.25,30,0.05),
(10554,23,45,20,0.05),
(10554,62,246.5,20,0.05),
(10554,77,65,10,0.05),
(10555,14,116.25,30,0.2),
(10555,19,46,35,0.2),
(10555,24,22.5,18,0.2),
(10555,51,265,20,0.2),
(10555,56,190,40,0.2),
(10556,72,174,24,0),
(10557,64,166.25,30,0),
(10557,75,38.75,20,0),
(10558,47,47.5,25,0),
(10558,51,265,20,0),
(10558,52,35,30,0),
(10558,53,164,18,0),
(10558,73,75,3,0),
(10559,41,48.25,12,0.05),
(10559,55,120,18,0.05),
(10560,30,129.45,20,0),
(10560,62,246.5,15,0.25),
(10561,44,97.25,10,0),
(10561,51,265,50,0),
(10562,33,12.5,20,0.1),
(10562,62,246.5,10,0.1),
(10563,36,95,25,0),
(10563,52,35,70,0),
(10564,17,195,16,0.05),
(10564,31,62.5,6,0.05),
(10564,55,120,25,0.05),
(10565,24,22.5,25,0.1),
(10565,64,166.25,18,0.1),
(10566,11,105,35,0.15),
(10566,18,312.5,18,0.15),
(10566,76,90,10,0),
(10567,31,62.5,60,0.2),
(10567,51,265,3,0),
(10567,59,275,40,0.2),
(10568,10,155,5,0),
(10569,31,62.5,35,0.2),
(10569,76,90,30,0),
(10570,11,105,15,0.05),
(10570,56,190,60,0.05),
(10571,14,116.25,11,0.15),
(10571,42,70,28,0.15),
(10572,16,87.25,12,0.1),
(10572,32,160,10,0.1),
(10572,40,92,50,0),
(10572,75,38.75,15,0.1),
(10573,17,195,18,0),
(10573,34,70,40,0),
(10573,53,164,25,0),
(10574,33,12.5,14,0),
(10574,40,92,2,0),
(10574,62,246.5,10,0),
(10574,64,166.25,6,0),
(10575,59,275,12,0),
(10575,63,219.5,6,0),
(10575,72,174,30,0),
(10575,76,90,10,0),
(10576,1,90,10,0),
(10576,31,62.5,20,0),
(10576,44,97.25,21,0),
(10577,39,90,10,0),
(10577,75,38.75,20,0),
(10577,77,65,18,0),
(10578,35,90,20,0),
(10578,57,97.5,6,0),
(10579,15,77.5,10,0),
(10579,75,38.75,21,0),
(10580,14,116.25,15,0.05),
(10580,41,48.25,9,0.05),
(10580,65,105.25,30,0.05),
(10581,75,38.75,50,0.2),
(10582,57,97.5,4,0),
(10582,76,90,14,0),
(10583,29,618.95,10,0),
(10583,60,170,24,0.15),
(10583,69,180,10,0.15),
(10584,31,62.5,50,0.05),
(10585,47,47.5,15,0),
(10586,52,35,4,0.15),
(10587,26,156.15,6,0),
(10587,35,90,20,0),
(10587,77,65,20,0),
(10588,18,312.5,40,0.2),
(10588,42,70,100,0.2),
(10589,35,90,4,0),
(10590,1,90,20,0),
(10590,77,65,60,0.05),
(10591,3,50,14,0),
(10591,7,150,10,0),
(10591,54,37.25,50,0),
(10592,15,77.5,25,0.05),
(10592,26,156.15,5,0.05),
(10593,20,405,21,0.2),
(10593,69,180,20,0.2),
(10593,76,90,4,0.2),
(10594,52,35,24,0),
(10594,58,66.25,30,0),
(10595,35,90,30,0.25),
(10595,61,142.5,120,0.25),
(10595,69,180,65,0.25),
(10596,56,190,5,0.2),
(10596,63,219.5,24,0.2),
(10596,75,38.75,30,0.2),
(10597,24,22.5,35,0.2),
(10597,57,97.5,20,0),
(10597,65,105.25,12,0.2),
(10598,27,219.5,50,0),
(10598,71,107.5,9,0),
(10599,62,246.5,10,0),
(10600,54,37.25,4,0),
(10600,73,75,30,0),
(10601,13,30,60,0),
(10601,59,275,35,0),
(10602,77,65,5,0.25),
(10603,22,105,48,0),
(10603,49,100,25,0.05),
(10604,48,63.75,6,0.1),
(10604,76,90,10,0.1),
(10605,16,87.25,30,0.05),
(10605,59,275,20,0.05),
(10605,60,170,70,0.05),
(10605,71,107.5,15,0.05),
(10606,4,110,20,0.2),
(10606,55,120,20,0.2),
(10606,62,246.5,10,0.2),
(10607,7,150,45,0),
(10607,17,195,100,0),
(10607,33,12.5,14,0),
(10607,40,92,42,0),
(10607,72,174,12,0),
(10608,56,190,28,0),
(10609,1,90,3,0),
(10609,10,155,10,0),
(10609,21,50,6,0),
(10610,36,95,21,0.25),
(10611,1,90,6,0),
(10611,2,95,10,0),
(10611,60,170,15,0),
(10612,10,155,70,0),
(10612,36,95,55,0),
(10612,49,100,18,0),
(10612,60,170,40,0),
(10612,76,90,80,0),
(10613,13,30,8,0.1),
(10613,75,38.75,40,0),
(10614,11,105,14,0),
(10614,21,50,8,0),
(10614,39,90,5,0),
(10615,55,120,5,0),
(10616,38,1317.5,15,0.05),
(10616,56,190,14,0),
(10616,70,75,15,0.05),
(10616,71,107.5,15,0.05),
(10617,59,275,30,0.15),
(10618,6,125,70,0),
(10618,56,190,20,0),
(10618,68,62.5,15,0),
(10619,21,50,42,0),
(10619,22,105,40,0),
(10620,24,22.5,5,0),
(10620,52,35,5,0),
(10621,19,46,5,0),
(10621,23,45,10,0),
(10621,70,75,20,0),
(10621,71,107.5,15,0),
(10622,2,95,20,0),
(10622,68,62.5,18,0.2),
(10623,14,116.25,21,0),
(10623,19,46,15,0.1),
(10623,21,50,25,0.1),
(10623,24,22.5,3,0),
(10623,35,90,30,0.1),
(10624,28,228,10,0),
(10624,29,618.95,6,0),
(10624,44,97.25,10,0),
(10625,14,116.25,3,0),
(10625,42,70,5,0),
(10625,60,170,10,0);

INSERT INTO DETAILS_COMMANDES (NO_COMMANDE, REF_PRODUIT, PRIX_UNITAIRE, QUANTITE, REMISE) VALUES 
(10626,53,164,12,0),
(10626,60,170,20,0),
(10626,71,107.5,20,0),
(10627,62,246.5,15,0),
(10627,73,75,35,0.15),
(10628,1,90,25,0),
(10629,29,618.95,20,0),
(10629,64,166.25,9,0),
(10630,55,120,12,0.05),
(10630,76,90,35,0),
(10631,75,38.75,8,0.1),
(10632,2,95,30,0.05),
(10632,33,12.5,20,0.05),
(10633,12,190,36,0.15),
(10633,13,30,13,0.15),
(10633,26,156.15,35,0.15),
(10633,62,246.5,80,0.15),
(10634,7,150,35,0),
(10634,18,312.5,50,0),
(10634,51,265,15,0),
(10634,75,38.75,2,0),
(10635,4,110,10,0.1),
(10635,5,106.75,15,0.1),
(10635,22,105,40,0),
(10636,4,110,25,0),
(10636,58,66.25,6,0),
(10637,11,105,10,0),
(10637,50,81.25,25,0.05),
(10637,56,190,60,0.05),
(10638,45,47.5,20,0),
(10638,65,105.25,21,0),
(10638,72,174,60,0),
(10639,18,312.5,8,0),
(10640,69,180,20,0.25),
(10640,70,75,15,0.25),
(10641,2,95,50,0),
(10641,40,92,60,0),
(10642,21,50,30,0.2),
(10642,61,142.5,20,0.2),
(10643,28,228,15,0.25),
(10643,39,90,21,0.25),
(10643,46,60,2,0.25),
(10644,18,312.5,4,0.1),
(10644,43,230,20,0),
(10644,46,60,21,0.1),
(10645,18,312.5,20,0),
(10645,36,95,15,0),
(10646,1,90,15,0.25),
(10646,10,155,18,0.25),
(10646,71,107.5,30,0.25),
(10646,77,65,35,0.25),
(10647,19,46,30,0),
(10647,39,90,20,0),
(10648,22,105,15,0),
(10648,24,22.5,15,0.15),
(10649,28,228,20,0),
(10649,72,174,15,0),
(10650,30,129.45,30,0),
(10650,53,164,25,0.05),
(10650,54,37.25,30,0),
(10651,19,46,12,0.25),
(10651,22,105,20,0.25),
(10652,30,129.45,2,0.25),
(10652,42,70,20,0),
(10653,16,87.25,30,0.1),
(10653,60,170,20,0.1),
(10654,4,110,12,0.1),
(10654,39,90,20,0.1),
(10654,54,37.25,6,0.1),
(10655,41,48.25,20,0.2),
(10656,14,116.25,3,0.1),
(10656,44,97.25,28,0.1),
(10656,47,47.5,6,0.1),
(10657,15,77.5,50,0),
(10657,41,48.25,24,0),
(10657,46,60,45,0),
(10657,47,47.5,10,0),
(10657,56,190,45,0),
(10657,60,170,30,0),
(10658,21,50,60,0),
(10658,40,92,70,0.05),
(10658,60,170,55,0.05),
(10658,77,65,70,0.05),
(10659,31,62.5,20,0.05),
(10659,40,92,24,0.05),
(10659,70,75,40,0.05),
(10660,20,405,21,0),
(10661,39,90,3,0.2),
(10661,58,66.25,49,0.2),
(10662,68,62.5,10,0),
(10663,40,92,30,0.05),
(10663,42,70,30,0.05),
(10663,51,265,20,0.05),
(10664,10,155,24,0.15),
(10664,56,190,12,0.15),
(10664,65,105.25,15,0.15),
(10665,51,265,20,0),
(10665,59,275,1,0),
(10665,76,90,10,0),
(10666,29,618.95,36,0),
(10666,65,105.25,10,0),
(10667,69,180,45,0.2),
(10667,71,107.5,14,0.2),
(10668,31,62.5,8,0.1),
(10668,55,120,4,0.1),
(10668,64,166.25,15,0.1),
(10669,36,95,30,0),
(10670,23,45,32,0),
(10670,46,60,60,0),
(10670,67,70,25,0),
(10670,73,75,50,0),
(10670,75,38.75,25,0),
(10671,16,87.25,10,0),
(10671,62,246.5,10,0),
(10671,65,105.25,12,0),
(10672,38,1317.5,15,0.1),
(10672,71,107.5,12,0),
(10673,16,87.25,3,0),
(10673,42,70,6,0),
(10673,43,230,6,0),
(10674,23,45,5,0),
(10675,14,116.25,30,0),
(10675,53,164,10,0),
(10675,58,66.25,30,0),
(10676,10,155,2,0),
(10676,19,46,7,0),
(10676,44,97.25,21,0),
(10677,26,156.15,30,0.15),
(10677,33,12.5,8,0.15),
(10678,12,190,100,0),
(10678,33,12.5,30,0),
(10678,41,48.25,120,0),
(10678,54,37.25,30,0),
(10679,59,275,12,0),
(10680,16,87.25,50,0.25),
(10680,31,62.5,20,0.25),
(10680,42,70,40,0.25),
(10681,19,46,30,0.1),
(10681,21,50,12,0.1),
(10681,64,166.25,28,0),
(10682,33,12.5,30,0),
(10682,66,85,4,0),
(10682,75,38.75,30,0),
(10683,52,35,9,0),
(10684,40,92,20,0),
(10684,47,47.5,40,0),
(10684,60,170,30,0),
(10685,10,155,20,0),
(10685,41,48.25,4,0),
(10685,47,47.5,15,0),
(10686,17,195,30,0.2),
(10686,26,156.15,15,0),
(10687,9,485,50,0.25),
(10687,29,618.95,10,0),
(10687,36,95,6,0.25),
(10688,10,155,18,0.1),
(10688,28,228,60,0.1),
(10688,34,70,14,0),
(10689,1,90,35,0.25),
(10690,56,190,20,0.25),
(10690,77,65,30,0.25),
(10691,1,90,30,0),
(10691,29,618.95,40,0),
(10691,43,230,40,0),
(10691,44,97.25,24,0),
(10691,62,246.5,48,0),
(10692,63,219.5,20,0),
(10693,9,485,6,0),
(10693,54,37.25,60,0.15),
(10693,69,180,30,0.15),
(10693,73,75,15,0.15),
(10694,7,150,90,0),
(10694,59,275,25,0),
(10694,70,75,50,0),
(10695,8,200,10,0),
(10695,12,190,4,0),
(10695,24,22.5,20,0),
(10696,17,195,20,0),
(10696,46,60,18,0),
(10697,19,46,7,0.25),
(10697,35,90,9,0.25),
(10697,58,66.25,30,0.25),
(10697,70,75,30,0.25),
(10698,11,105,15,0),
(10698,17,195,8,0.05),
(10698,29,618.95,12,0.05),
(10698,65,105.25,65,0.05),
(10698,70,75,8,0.05),
(10699,47,47.5,12,0),
(10700,1,90,5,0.2),
(10700,34,70,12,0.2),
(10700,68,62.5,40,0.2),
(10700,71,107.5,60,0.2),
(10701,59,275,42,0.15),
(10701,71,107.5,20,0.15),
(10701,76,90,35,0.15),
(10702,3,50,6,0),
(10702,76,90,15,0),
(10703,2,95,5,0),
(10703,59,275,35,0),
(10703,73,75,35,0),
(10704,4,110,6,0),
(10704,24,22.5,35,0),
(10704,48,63.75,24,0),
(10705,31,62.5,20,0),
(10705,32,160,4,0),
(10706,16,87.25,20,0),
(10706,43,230,24,0),
(10706,59,275,8,0),
(10707,55,120,21,0),
(10707,57,97.5,40,0),
(10707,70,75,28,0.15),
(10708,5,106.75,4,0),
(10708,36,95,5,0),
(10709,8,200,40,0),
(10709,51,265,28,0),
(10709,60,170,10,0),
(10710,19,46,5,0),
(10710,47,47.5,5,0),
(10711,19,46,12,0),
(10711,41,48.25,42,0),
(10711,53,164,120,0),
(10712,53,164,3,0.05),
(10712,56,190,30,0),
(10713,10,155,18,0),
(10713,26,156.15,30,0),
(10713,45,47.5,110,0),
(10713,46,60,24,0),
(10714,2,95,30,0.25),
(10714,17,195,27,0.25),
(10714,47,47.5,50,0.25),
(10714,56,190,18,0.25),
(10714,58,66.25,12,0.25),
(10715,10,155,21,0),
(10715,71,107.5,30,0),
(10716,21,50,5,0),
(10716,51,265,7,0),
(10716,61,142.5,10,0),
(10717,21,50,32,0.05),
(10717,54,37.25,15,0),
(10717,69,180,25,0.05),
(10718,12,190,36,0),
(10718,16,87.25,20,0),
(10718,36,95,40,0),
(10718,62,246.5,20,0),
(10719,18,312.5,12,0.25),
(10719,30,129.45,3,0.25),
(10719,54,37.25,40,0.25),
(10720,35,90,21,0),
(10720,71,107.5,8,0),
(10721,44,97.25,50,0.05),
(10722,2,95,3,0),
(10722,31,62.5,50,0),
(10722,68,62.5,45,0),
(10722,75,38.75,42,0),
(10723,26,156.15,15,0),
(10724,10,155,16,0),
(10724,61,142.5,5,0),
(10725,41,48.25,12,0),
(10725,52,35,4,0),
(10725,55,120,6,0),
(10726,4,110,25,0),
(10726,11,105,5,0),
(10727,17,195,20,0.05),
(10727,56,190,10,0.05),
(10727,59,275,10,0.05),
(10728,30,129.45,15,0),
(10728,40,92,6,0),
(10728,55,120,12,0),
(10728,60,170,15,0),
(10729,1,90,50,0),
(10729,21,50,30,0),
(10729,50,81.25,40,0),
(10730,16,87.25,15,0.05),
(10730,31,62.5,3,0.05),
(10730,65,105.25,10,0.05),
(10731,21,50,40,0.05),
(10731,51,265,30,0.05),
(10732,76,90,20,0),
(10733,14,116.25,16,0),
(10733,28,228,20,0),
(10733,52,35,25,0),
(10734,6,125,30,0),
(10734,30,129.45,15,0),
(10734,76,90,20,0),
(10735,61,142.5,20,0.1),
(10735,77,65,2,0.1),
(10736,65,105.25,40,0),
(10736,75,38.75,20,0),
(10737,13,30,4,0),
(10737,41,48.25,12,0),
(10738,16,87.25,3,0),
(10739,36,95,6,0),
(10739,52,35,18,0),
(10740,28,228,5,0.2),
(10740,35,90,35,0.2),
(10740,45,47.5,40,0.2),
(10740,56,190,14,0.2),
(10741,2,95,15,0.2),
(10742,3,50,20,0),
(10742,60,170,50,0),
(10742,72,174,35,0),
(10743,46,60,28,0.05),
(10744,40,92,50,0.2),
(10745,18,312.5,24,0),
(10745,44,97.25,16,0),
(10745,59,275,45,0),
(10745,72,174,7,0),
(10746,13,30,6,0),
(10746,42,70,28,0),
(10746,62,246.5,9,0),
(10746,69,180,40,0),
(10747,31,62.5,8,0),
(10747,41,48.25,35,0),
(10747,63,219.5,9,0),
(10747,69,180,30,0),
(10748,23,45,44,0),
(10748,40,92,40,0),
(10748,56,190,28,0),
(10749,56,190,15,0),
(10749,59,275,6,0),
(10749,76,90,10,0),
(10750,14,116.25,5,0.15),
(10750,45,47.5,40,0.15),
(10750,59,275,25,0.15),
(10751,26,156.15,12,0.1),
(10751,30,129.45,30,0),
(10751,50,81.25,20,0.1),
(10751,73,75,15,0),
(10752,1,90,8,0),
(10752,69,180,3,0),
(10753,45,47.5,4,0),
(10753,74,50,5,0),
(10754,40,92,3,0),
(10755,47,47.5,30,0.25),
(10755,56,190,30,0.25),
(10755,57,97.5,14,0.25),
(10755,69,180,25,0.25),
(10756,18,312.5,21,0.2),
(10756,36,95,20,0.2),
(10756,68,62.5,6,0.2),
(10756,69,180,20,0.2),
(10757,34,70,30,0),
(10757,59,275,7,0),
(10757,62,246.5,30,0),
(10757,64,166.25,24,0),
(10758,26,156.15,20,0),
(10758,52,35,60,0),
(10758,70,75,40,0),
(10759,32,160,10,0),
(10760,25,70,12,0.25),
(10760,27,219.5,40,0),
(10760,43,230,30,0.25),
(10761,25,70,35,0.25),
(10761,75,38.75,18,0),
(10762,39,90,16,0),
(10762,47,47.5,30,0),
(10762,51,265,28,0),
(10762,56,190,60,0),
(10763,21,50,40,0),
(10763,22,105,6,0),
(10763,24,22.5,20,0),
(10764,3,50,20,0.1),
(10764,39,90,130,0.1),
(10765,65,105.25,80,0.1),
(10766,2,95,40,0),
(10766,7,150,35,0),
(10766,68,62.5,40,0),
(10767,42,70,2,0),
(10768,22,105,4,0),
(10768,31,62.5,50,0),
(10768,60,170,15,0),
(10768,71,107.5,12,0),
(10769,41,48.25,30,0.05),
(10769,52,35,15,0.05),
(10769,61,142.5,20,0),
(10769,62,246.5,15,0),
(10770,11,105,15,0.25),
(10771,71,107.5,16,0),
(10772,29,618.95,18,0),
(10772,59,275,25,0),
(10773,17,195,33,0),
(10773,31,62.5,70,0.2),
(10773,75,38.75,7,0.2),
(10774,31,62.5,2,0.25),
(10774,66,85,50,0),
(10775,10,155,6,0),
(10775,67,70,3,0),
(10776,31,62.5,16,0.05),
(10776,42,70,12,0.05),
(10776,45,47.5,27,0.05),
(10776,51,265,120,0.05),
(10777,42,70,20,0.2),
(10778,41,48.25,10,0),
(10779,16,87.25,20,0),
(10779,62,246.5,20,0),
(10780,70,75,35,0),
(10780,77,65,15,0),
(10781,54,37.25,3,0.2),
(10781,56,190,20,0.2),
(10781,74,50,35,0),
(10782,31,62.5,1,0),
(10783,31,62.5,10,0),
(10783,38,1317.5,5,0),
(10784,36,95,30,0),
(10784,39,90,2,0.15),
(10784,72,174,30,0.15),
(10785,10,155,10,0),
(10785,75,38.75,10,0),
(10786,8,200,30,0.2),
(10786,30,129.45,15,0.2),
(10786,75,38.75,42,0.2),
(10787,2,95,15,0.05),
(10787,29,618.95,20,0.05),
(10788,19,46,50,0.05),
(10788,75,38.75,40,0.05),
(10789,18,312.5,30,0),
(10789,35,90,15,0),
(10789,63,219.5,30,0),
(10789,68,62.5,18,0),
(10790,7,150,3,0.15),
(10790,56,190,20,0.15),
(10791,29,618.95,14,0.05),
(10791,41,48.25,20,0.05),
(10792,2,95,10,0),
(10792,54,37.25,3,0),
(10792,68,62.5,15,0),
(10793,41,48.25,14,0),
(10793,52,35,8,0),
(10794,14,116.25,15,0.2),
(10794,54,37.25,6,0.2),
(10795,16,87.25,65,0),
(10795,17,195,35,0.25),
(10796,26,156.15,21,0.2),
(10796,44,97.25,10,0),
(10796,64,166.25,35,0.2),
(10796,69,180,24,0.2),
(10797,11,105,20,0),
(10798,62,246.5,2,0),
(10798,72,174,10,0),
(10799,13,30,20,0.15),
(10799,24,22.5,20,0.15),
(10799,59,275,25,0),
(10800,11,105,50,0.1),
(10800,51,265,10,0.1),
(10800,54,37.25,7,0.1),
(10801,17,195,40,0.25),
(10801,29,618.95,20,0.25),
(10802,30,129.45,25,0.25),
(10802,51,265,30,0.25),
(10802,55,120,60,0.25),
(10802,62,246.5,5,0.25),
(10803,19,46,24,0.05),
(10803,25,70,15,0.05),
(10803,59,275,15,0.05),
(10804,10,155,36,0),
(10804,28,228,24,0),
(10804,49,100,4,0.15),
(10805,34,70,10,0),
(10805,38,1317.5,10,0),
(10806,2,95,20,0.25),
(10806,65,105.25,2,0),
(10806,74,50,15,0.25),
(10807,40,92,1,0),
(10808,56,190,20,0.15),
(10808,76,90,50,0.15),
(10809,52,35,20,0),
(10810,13,30,7,0),
(10810,25,70,5,0),
(10810,70,75,5,0),
(10811,19,46,15,0),
(10811,23,45,18,0),
(10811,40,92,30,0),
(10812,31,62.5,16,0.1),
(10812,72,174,40,0.1),
(10812,77,65,20,0),
(10813,2,95,12,0.2),
(10813,46,60,35,0),
(10814,41,48.25,20,0),
(10814,43,230,20,0.15),
(10814,48,63.75,8,0.15),
(10814,61,142.5,30,0.15),
(10815,33,12.5,16,0),
(10816,38,1317.5,30,0.05),
(10816,62,246.5,20,0.05),
(10817,26,156.15,40,0.15),
(10817,38,1317.5,30,0),
(10817,40,92,60,0.15),
(10817,62,246.5,25,0.15),
(10818,32,160,20,0),
(10818,41,48.25,20,0),
(10819,43,230,7,0),
(10819,75,38.75,20,0),
(10820,56,190,30,0),
(10821,35,90,20,0),
(10821,51,265,6,0),
(10822,62,246.5,3,0),
(10822,70,75,6,0),
(10823,11,105,20,0.1),
(10823,57,97.5,15,0),
(10823,59,275,40,0.1),
(10823,77,65,15,0.1),
(10824,41,48.25,12,0),
(10824,70,75,9,0),
(10825,26,156.15,12,0),
(10825,53,164,20,0),
(10826,31,62.5,35,0),
(10826,57,97.5,15,0),
(10827,10,155,15,0),
(10827,39,90,21,0),
(10828,20,405,5,0),
(10828,38,1317.5,2,0),
(10829,2,95,10,0),
(10829,8,200,20,0),
(10829,13,30,10,0),
(10829,60,170,21,0),
(10830,6,125,6,0),
(10830,39,90,28,0),
(10830,60,170,30,0),
(10830,68,62.5,24,0),
(10831,19,46,2,0),
(10831,35,90,8,0),
(10831,38,1317.5,8,0),
(10831,43,230,9,0),
(10832,13,30,3,0.2),
(10832,25,70,10,0.2),
(10832,44,97.25,16,0.2),
(10832,64,166.25,3,0),
(10833,7,150,20,0.1),
(10833,31,62.5,9,0.1),
(10833,53,164,9,0.1),
(10834,29,618.95,8,0.05),
(10834,30,129.45,20,0.05),
(10835,59,275,15,0),
(10835,77,65,2,0.2),
(10836,22,105,52,0),
(10836,35,90,6,0),
(10836,57,97.5,24,0),
(10836,60,170,60,0),
(10836,64,166.25,30,0),
(10837,13,30,6,0),
(10837,40,92,25,0),
(10837,47,47.5,40,0.25),
(10837,76,90,21,0.25),
(10838,1,90,4,0.25),
(10838,18,312.5,25,0.25),
(10838,36,95,50,0.25),
(10839,58,66.25,30,0.1),
(10839,72,174,15,0.1),
(10840,25,70,6,0.2),
(10840,39,90,10,0.2),
(10841,10,155,16,0),
(10841,56,190,30,0),
(10841,59,275,50,0),
(10841,77,65,15,0),
(10842,11,105,15,0),
(10842,43,230,5,0),
(10842,68,62.5,20,0),
(10842,70,75,12,0),
(10843,51,265,4,0.25),
(10844,22,105,35,0),
(10845,23,45,70,0.1),
(10845,35,90,25,0.1),
(10845,42,70,42,0.1),
(10845,58,66.25,60,0.1),
(10845,64,166.25,48,0),
(10846,4,110,21,0),
(10846,70,75,30,0),
(10846,74,50,20,0),
(10847,1,90,80,0.2),
(10847,19,46,12,0.2),
(10847,37,130,60,0.2),
(10847,45,47.5,36,0.2),
(10847,60,170,45,0.2),
(10847,71,107.5,55,0.2),
(10848,5,106.75,30,0),
(10848,9,485,3,0),
(10849,3,50,49,0),
(10849,26,156.15,18,0.15),
(10850,25,70,20,0.15),
(10850,33,12.5,4,0.15),
(10850,70,75,30,0.15),
(10851,2,95,5,0.05),
(10851,25,70,10,0.05),
(10851,57,97.5,10,0.05),
(10851,59,275,42,0.05),
(10852,2,95,15,0),
(10852,17,195,6,0),
(10852,62,246.5,50,0),
(10853,18,312.5,10,0),
(10854,10,155,100,0.15),
(10854,13,30,65,0.15),
(10855,16,87.25,50,0),
(10855,31,62.5,14,0),
(10855,56,190,24,0),
(10855,65,105.25,15,0.15),
(10856,2,95,20,0),
(10856,42,70,20,0),
(10857,3,50,30,0),
(10857,26,156.15,35,0.25),
(10857,29,618.95,10,0.25),
(10858,7,150,5,0),
(10858,27,219.5,10,0),
(10858,70,75,4,0),
(10859,24,22.5,40,0.25),
(10859,54,37.25,35,0.25),
(10859,64,166.25,30,0.25),
(10860,51,265,3,0),
(10860,76,90,20,0),
(10861,17,195,42,0),
(10861,18,312.5,20,0),
(10861,21,50,40,0),
(10861,33,12.5,35,0),
(10861,62,246.5,3,0),
(10862,11,105,25,0),
(10862,52,35,8,0),
(10863,1,90,20,0.15),
(10863,58,66.25,12,0.15),
(10864,35,90,4,0),
(10864,67,70,15,0),
(10865,38,1317.5,60,0.05),
(10865,39,90,80,0.05),
(10866,2,95,21,0.25),
(10866,24,22.5,6,0.25),
(10866,30,129.45,40,0.25),
(10867,53,164,3,0),
(10868,26,156.15,20,0),
(10868,35,90,30,0),
(10868,49,100,42,0.1),
(10869,1,90,40,0),
(10869,11,105,10,0),
(10869,23,45,50,0),
(10869,68,62.5,20,0),
(10870,35,90,3,0),
(10870,51,265,2,0),
(10871,6,125,50,0.05),
(10871,16,87.25,12,0.05),
(10871,17,195,16,0.05),
(10872,55,120,10,0.05),
(10872,62,246.5,20,0.05),
(10872,64,166.25,15,0.05),
(10872,65,105.25,21,0.05),
(10873,21,50,20,0),
(10873,28,228,3,0),
(10874,10,155,10,0),
(10875,19,46,25,0),
(10875,47,47.5,21,0.1),
(10875,49,100,15,0),
(10876,46,60,21,0),
(10876,64,166.25,20,0),
(10877,16,87.25,30,0.25),
(10877,18,312.5,25,0),
(10878,20,405,20,0.05),
(10879,40,92,12,0),
(10879,65,105.25,10,0),
(10879,76,90,10,0),
(10880,23,45,30,0.2),
(10880,61,142.5,30,0.2),
(10880,70,75,50,0.2),
(10881,73,75,10,0),
(10882,42,70,25,0),
(10882,49,100,20,0.15),
(10882,54,37.25,32,0.15),
(10883,24,22.5,8,0),
(10884,21,50,40,0.05),
(10884,56,190,21,0.05),
(10884,65,105.25,12,0.05),
(10885,2,95,20,0),
(10885,24,22.5,12,0),
(10885,70,75,30,0),
(10885,77,65,25,0),
(10886,10,155,70,0),
(10886,31,62.5,35,0),
(10886,77,65,40,0),
(10887,25,70,5,0),
(10888,2,95,20,0),
(10888,68,62.5,18,0),
(10889,11,105,40,0),
(10889,38,1317.5,40,0),
(10890,17,195,15,0),
(10890,34,70,10,0),
(10890,41,48.25,14,0),
(10891,30,129.45,15,0.05),
(10892,59,275,40,0.05),
(10893,8,200,30,0),
(10893,24,22.5,10,0),
(10893,29,618.95,24,0),
(10893,30,129.45,35,0),
(10893,36,95,20,0),
(10894,13,30,28,0.05),
(10894,69,180,50,0.05),
(10894,75,38.75,120,0.05),
(10895,24,22.5,110,0),
(10895,39,90,45,0),
(10895,40,92,91,0),
(10895,60,170,100,0),
(10896,45,47.5,15,0),
(10896,56,190,16,0),
(10897,29,618.95,80,0),
(10897,30,129.45,36,0),
(10898,13,30,5,0),
(10899,39,90,8,0.15),
(10900,70,75,3,0.25),
(10901,41,48.25,30,0),
(10901,71,107.5,30,0),
(10902,55,120,30,0.15),
(10902,62,246.5,6,0.15),
(10903,13,30,40,0),
(10903,65,105.25,21,0),
(10903,68,62.5,20,0),
(10904,58,66.25,15,0),
(10904,62,246.5,35,0),
(10905,1,90,20,0.05),
(10906,61,142.5,15,0),
(10907,75,38.75,14,0),
(10908,7,150,20,0.05),
(10908,52,35,14,0.05),
(10909,7,150,12,0),
(10909,16,87.25,15,0),
(10909,41,48.25,5,0),
(10910,19,46,12,0),
(10910,49,100,10,0),
(10910,61,142.5,5,0),
(10911,1,90,10,0),
(10911,17,195,12,0),
(10911,67,70,15,0),
(10912,11,105,40,0.25),
(10912,29,618.95,60,0.25),
(10913,4,110,30,0.25),
(10913,33,12.5,40,0.25),
(10913,58,66.25,15,0),
(10914,71,107.5,25,0),
(10915,17,195,10,0),
(10915,33,12.5,30,0),
(10915,54,37.25,10,0),
(10916,16,87.25,6,0),
(10916,32,160,6,0),
(10916,57,97.5,20,0),
(10917,30,129.45,1,0),
(10917,60,170,10,0),
(10918,1,90,60,0.25),
(10918,60,170,25,0.25),
(10919,16,87.25,24,0),
(10919,25,70,24,0),
(10919,40,92,20,0),
(10920,50,81.25,24,0),
(10921,35,90,10,0),
(10921,63,219.5,40,0),
(10922,17,195,15,0),
(10922,24,22.5,35,0),
(10923,42,70,10,0.2),
(10923,43,230,10,0.2),
(10923,67,70,24,0.2),
(10924,10,155,20,0.1),
(10924,28,228,30,0.1),
(10924,75,38.75,6,0),
(10925,36,95,25,0.15),
(10925,52,35,12,0.15),
(10926,11,105,2,0),
(10926,13,30,10,0),
(10926,19,46,7,0),
(10926,72,174,10,0),
(10927,20,405,5,0),
(10927,52,35,5,0),
(10927,76,90,20,0),
(10928,47,47.5,5,0),
(10928,76,90,5,0),
(10929,21,50,60,0),
(10929,75,38.75,49,0),
(10929,77,65,15,0),
(10930,21,50,36,0),
(10930,27,219.5,25,0),
(10930,55,120,25,0.2),
(10930,58,66.25,30,0.2),
(10931,13,30,42,0.15),
(10931,57,97.5,30,0),
(10932,16,87.25,30,0.1),
(10932,62,246.5,14,0.1),
(10932,72,174,16,0),
(10932,75,38.75,20,0.1),
(10933,53,164,2,0),
(10933,61,142.5,30,0),
(10934,6,125,20,0),
(10935,1,90,21,0),
(10935,18,312.5,4,0.25),
(10935,23,45,8,0.25),
(10936,36,95,30,0.2),
(10937,28,228,8,0),
(10937,34,70,20,0),
(10938,13,30,20,0.25),
(10938,43,230,24,0.25),
(10938,60,170,49,0.25),
(10938,71,107.5,35,0.25),
(10939,2,95,10,0.15),
(10939,67,70,40,0.15),
(10940,7,150,8,0),
(10940,13,30,20,0),
(10941,31,62.5,44,0.25),
(10941,62,246.5,30,0.25),
(10941,68,62.5,80,0.25),
(10941,72,174,50,0),
(10942,49,100,28,0),
(10943,13,30,15,0),
(10943,22,105,21,0),
(10943,46,60,15,0),
(10944,11,105,5,0.25),
(10944,44,97.25,18,0.25),
(10944,56,190,18,0),
(10945,13,30,20,0),
(10945,31,62.5,10,0),
(10946,10,155,25,0),
(10946,24,22.5,25,0),
(10946,77,65,40,0),
(10947,59,275,4,0),
(10948,50,81.25,9,0),
(10948,51,265,40,0),
(10948,55,120,4,0),
(10949,6,125,12,0),
(10949,10,155,30,0),
(10949,17,195,6,0),
(10949,62,246.5,60,0),
(10950,4,110,5,0),
(10951,33,12.5,15,0.05),
(10951,41,48.25,6,0.05),
(10951,75,38.75,50,0.05),
(10952,6,125,16,0.05),
(10952,28,228,2,0),
(10953,20,405,50,0.05),
(10953,31,62.5,50,0.05),
(10954,16,87.25,28,0.15),
(10954,31,62.5,25,0.15),
(10954,45,47.5,30,0),
(10954,60,170,24,0.15),
(10955,75,38.75,12,0.2),
(10956,21,50,12,0),
(10956,47,47.5,14,0),
(10956,51,265,8,0),
(10957,30,129.45,30,0),
(10957,35,90,40,0),
(10957,64,166.25,8,0),
(10958,5,106.75,20,0),
(10958,7,150,6,0),
(10958,72,174,5,0),
(10959,75,38.75,20,0.15),
(10960,24,22.5,10,0.25),
(10960,41,48.25,24,0),
(10961,52,35,6,0.05),
(10961,76,90,60,0),
(10962,7,150,45,0),
(10962,13,30,77,0),
(10962,53,164,20,0),
(10962,69,180,9,0),
(10962,76,90,44,0),
(10963,60,170,2,0.15),
(10964,18,312.5,6,0),
(10964,38,1317.5,5,0),
(10964,69,180,10,0),
(10965,51,265,16,0),
(10966,37,130,8,0),
(10966,56,190,12,0.15),
(10966,62,246.5,12,0.15),
(10967,19,46,12,0),
(10967,49,100,40,0),
(10968,12,190,30,0),
(10968,24,22.5,30,0),
(10968,64,166.25,4,0),
(10969,46,60,9,0),
(10970,52,35,40,0.2),
(10971,29,618.95,14,0),
(10972,17,195,6,0),
(10972,33,12.5,7,0),
(10973,26,156.15,5,0),
(10973,41,48.25,6,0),
(10973,75,38.75,10,0),
(10974,63,219.5,10,0),
(10975,8,200,16,0),
(10975,75,38.75,10,0),
(10976,28,228,20,0),
(10977,39,90,30,0),
(10977,47,47.5,30,0),
(10977,51,265,10,0),
(10977,63,219.5,20,0),
(10978,8,200,20,0.15),
(10978,21,50,40,0.15),
(10978,40,92,10,0),
(10978,44,97.25,6,0.15),
(10979,7,150,18,0),
(10979,12,190,20,0),
(10979,24,22.5,80,0),
(10979,27,219.5,30,0),
(10979,31,62.5,24,0),
(10979,63,219.5,35,0),
(10980,75,38.75,40,0.2),
(10981,38,1317.5,60,0),
(10982,7,150,20,0),
(10982,43,230,9,0),
(10983,13,30,84,0.15),
(10983,57,97.5,15,0),
(10984,16,87.25,55,0),
(10984,24,22.5,20,0),
(10984,36,95,40,0),
(10985,16,87.25,36,0.1),
(10985,18,312.5,8,0.1),
(10985,32,160,35,0.1),
(10986,11,105,30,0),
(10986,20,405,15,0),
(10986,76,90,10,0),
(10986,77,65,15,0),
(10987,7,150,60,0),
(10987,43,230,6,0),
(10987,72,174,20,0),
(10988,7,150,60,0),
(10988,62,246.5,40,0.1),
(10989,6,125,40,0),
(10989,11,105,15,0),
(10989,41,48.25,4,0),
(10990,21,50,65,0),
(10990,34,70,60,0.15),
(10990,55,120,65,0.15),
(10990,61,142.5,66,0.15),
(10991,2,95,50,0.2),
(10991,70,75,20,0.2),
(10991,76,90,90,0.2),
(10992,72,174,2,0),
(10993,29,618.95,50,0.25),
(10993,41,48.25,35,0.25),
(10994,59,275,18,0.05),
(10995,51,265,20,0),
(10995,60,170,4,0),
(10996,42,70,40,0),
(10997,32,160,50,0),
(10997,46,60,20,0.25),
(10997,52,35,20,0.25),
(10998,24,22.5,12,0),
(10998,61,142.5,7,0),
(10998,74,50,20,0),
(10998,75,38.75,30,0),
(10999,41,48.25,20,0.05),
(10999,51,265,15,0.05),
(10999,77,65,21,0.05),
(11000,4,110,25,0.25),
(11000,24,22.5,30,0.25),
(11000,77,65,30,0),
(11001,7,150,60,0),
(11001,22,105,25,0),
(11001,46,60,25,0),
(11001,55,120,6,0),
(11002,13,30,56,0),
(11002,35,90,15,0.15),
(11002,42,70,24,0.15),
(11002,55,120,40,0),
(11003,1,90,4,0),
(11003,40,92,10,0),
(11003,52,35,10,0),
(11004,26,156.15,6,0),
(11004,76,90,6,0),
(11005,1,90,2,0),
(11005,59,275,10,0),
(11006,1,90,8,0),
(11006,29,618.95,2,0.25),
(11007,8,200,30,0),
(11007,29,618.95,10,0),
(11007,42,70,14,0),
(11008,28,228,70,0.05),
(11008,34,70,90,0.05),
(11008,71,107.5,21,0),
(11009,24,22.5,12,0),
(11009,36,95,18,0.25),
(11009,60,170,9,0),
(11010,7,150,20,0),
(11010,24,22.5,10,0),
(11011,58,66.25,40,0.05),
(11011,71,107.5,20,0),
(11012,19,46,50,0.05),
(11012,60,170,36,0.05),
(11012,71,107.5,60,0.05),
(11013,23,45,10,0),
(11013,42,70,4,0),
(11013,45,47.5,20,0),
(11013,68,62.5,2,0),
(11014,41,48.25,28,0.1),
(11015,30,129.45,15,0),
(11015,77,65,18,0),
(11016,31,62.5,15,0),
(11016,36,95,16,0),
(11017,3,50,25,0),
(11017,59,275,110,0),
(11017,70,75,30,0),
(11018,12,190,20,0),
(11018,18,312.5,10,0),
(11018,56,190,5,0),
(11019,46,60,3,0),
(11019,49,100,2,0),
(11020,10,155,24,0.15),
(11021,2,95,11,0.25),
(11021,20,405,15,0),
(11021,26,156.15,63,0),
(11021,51,265,44,0.25),
(11021,72,174,35,0),
(11022,19,46,35,0);

INSERT INTO DETAILS_COMMANDES (NO_COMMANDE, REF_PRODUIT, PRIX_UNITAIRE, QUANTITE, REMISE) VALUES 
(11022,69,180,30,0),
(11023,7,150,4,0),
(11023,43,230,30,0),
(11024,26,156.15,12,0),
(11024,33,12.5,30,0),
(11024,65,105.25,21,0),
(11024,71,107.5,50,0),
(11025,1,90,10,0.1),
(11025,13,30,20,0.1),
(11026,18,312.5,8,0),
(11026,51,265,10,0),
(11027,24,22.5,30,0.25),
(11027,62,246.5,21,0.25),
(11028,55,120,35,0),
(11028,59,275,24,0),
(11029,56,190,20,0),
(11029,63,219.5,12,0),
(11030,2,95,100,0.25),
(11030,5,106.75,70,0),
(11030,29,618.95,60,0.25),
(11030,59,275,100,0.25),
(11031,1,90,45,0),
(11031,13,30,80,0),
(11031,24,22.5,21,0),
(11031,64,166.25,20,0),
(11031,71,107.5,16,0),
(11032,36,95,35,0),
(11032,38,1317.5,25,0),
(11032,59,275,30,0),
(11033,53,164,70,0.1),
(11033,69,180,36,0.1),
(11034,21,50,15,0.1),
(11034,44,97.25,12,0),
(11034,61,142.5,6,0),
(11035,1,90,10,0),
(11035,35,90,60,0),
(11035,42,70,30,0),
(11035,54,37.25,10,0),
(11036,13,30,7,0),
(11036,59,275,30,0),
(11037,70,75,4,0),
(11038,40,92,5,0.2),
(11038,52,35,2,0),
(11038,71,107.5,30,0),
(11039,28,228,20,0),
(11039,35,90,24,0),
(11039,49,100,60,0),
(11039,57,97.5,28,0),
(11040,21,50,20,0),
(11041,2,95,30,0.2),
(11041,63,219.5,30,0),
(11042,44,97.25,15,0),
(11042,61,142.5,4,0),
(11043,11,105,10,0),
(11044,62,246.5,12,0),
(11045,33,12.5,15,0),
(11045,51,265,24,0),
(11046,12,190,20,0.05),
(11046,32,160,15,0.05),
(11046,35,90,18,0.05),
(11047,1,90,25,0.25),
(11047,5,106.75,30,0.25),
(11048,68,62.5,42,0),
(11049,2,95,10,0.2),
(11049,12,190,4,0.2),
(11050,76,90,50,0.1),
(11051,24,22.5,10,0.2),
(11052,43,230,30,0.2),
(11052,61,142.5,10,0.2),
(11053,18,312.5,35,0.2),
(11053,32,160,20,0),
(11053,64,166.25,25,0.2),
(11054,33,12.5,10,0),
(11054,67,70,20,0),
(11055,24,22.5,15,0),
(11055,25,70,15,0),
(11055,51,265,20,0),
(11055,57,97.5,20,0),
(11056,7,150,40,0),
(11056,55,120,35,0),
(11056,60,170,50,0),
(11057,70,75,3,0),
(11058,21,50,3,0),
(11058,60,170,21,0),
(11058,61,142.5,4,0),
(11059,13,30,30,0),
(11059,17,195,12,0),
(11059,60,170,35,0),
(11060,60,170,4,0),
(11060,77,65,10,0),
(11061,60,170,15,0),
(11062,53,164,10,0.2),
(11062,70,75,12,0.2),
(11063,34,70,30,0),
(11063,40,92,40,0.1),
(11063,41,48.25,30,0.1),
(11064,17,195,77,0.1),
(11064,41,48.25,12,0),
(11064,53,164,25,0.1),
(11064,55,120,4,0.1),
(11064,68,62.5,55,0),
(11065,30,129.45,4,0.25),
(11065,54,37.25,20,0.25),
(11066,16,87.25,3,0),
(11066,19,46,42,0),
(11066,34,70,35,0),
(11067,41,48.25,9,0),
(11068,28,228,8,0.15),
(11068,43,230,36,0.15),
(11068,77,65,28,0.15),
(11069,39,90,20,0),
(11070,1,90,40,0.15),
(11070,2,95,20,0.15),
(11070,16,87.25,30,0.15),
(11070,31,62.5,20,0),
(11071,7,150,15,0.05),
(11071,13,30,10,0.05),
(11072,2,95,8,0),
(11072,41,48.25,40,0),
(11072,50,81.25,22,0),
(11072,64,166.25,130,0),
(11073,11,105,10,0),
(11073,24,22.5,20,0),
(11074,16,87.25,14,0.05),
(11075,2,95,10,0.15),
(11075,46,60,30,0.15),
(11075,76,90,2,0.15),
(11076,6,125,20,0.25),
(11076,14,116.25,20,0.25),
(11076,19,46,10,0.25),
(11077,2,95,24,0.2),
(11077,3,50,4,0),
(11077,4,110,1,0),
(11077,6,125,1,0.02),
(11077,7,150,1,0.05),
(11077,8,200,2,0.1),
(11077,10,155,1,0),
(11077,12,190,2,0.05),
(11077,13,30,4,0),
(11077,14,116.25,1,0.03),
(11077,16,87.25,2,0.03),
(11077,20,405,1,0.04),
(11077,23,45,2,0),
(11077,32,160,1,0),
(11077,39,90,2,0.05),
(11077,41,48.25,3,0),
(11077,46,60,3,0.02),
(11077,52,35,2,0),
(11077,55,120,2,0),
(11077,60,170,2,0.06),
(11077,64,166.25,2,0.03),
(11077,66,85,1,0),
(11077,73,75,2,0.01),
(11077,75,38.75,4,0),
(11077,77,65,2,0);

CREATE TABLE dbo.EMPLOYES (
	NO_EMPLOYE numeric(5) NOT NULL,
	REND_COMPTE numeric(5) NULL,
	NOM varchar(20) NOT NULL,
	PRENOM varchar(10) NOT NULL,
	FONCTION varchar(30) NOT NULL,
	TITRE varchar(5) NOT NULL,
	DATE_NAISSANCE datetime NOT NULL,
	DATE_EMBAUCHE datetime NOT NULL,
	SALAIRE numeric(5) NOT NULL,
	COMMISSION numeric(5) NULL
);

ALTER TABLE dbo.EMPLOYES ADD CONSTRAINT PK_EMPLOYES PRIMARY KEY (NO_EMPLOYE);

-- Add 9 rows for EMPLOYES.
INSERT INTO EMPLOYES (NO_EMPLOYE, REND_COMPTE, NOM, PRENOM, FONCTION, TITRE, DATE_NAISSANCE, DATE_EMBAUCHE, SALAIRE, COMMISSION) VALUES 
(1,2,'Davolio','Nancy','Représentant(e)','Mlle','1968-12-08 00:00:00','1992-05-01 00:00:00',3135,1500),
(2,2,'Fuller','Andrew','Vice-Président','Dr.','1952-02-19 00:00:00','1992-08-14 00:00:00',10000,0),
(3,2,'Leverling','Janet','Représentant(e)','Mlle','1963-08-30 00:00:00','1992-04-01 00:00:00',3500,1000),
(4,2,'Peacock','Margaret','Représentant(e)','Mme','1958-09-19 00:00:00','1993-05-03 00:00:00',2856,250),
(5,2,'Buchanan','Steven','Chef des ventes','M.','1955-03-04 00:00:00','1993-10-17 00:00:00',8000,0),
(6,5,'Suyama','Michael','Représentant(e)','M.','1963-07-02 00:00:00','1993-10-17 00:00:00',2534,600),
(7,5,'King','Robert','Représentant(e)','M.','1960-05-29 00:00:00','1994-01-02 00:00:00',2356,800),
(8,2,'Callahan','Laura','Assistante commerciale','Mlle','1958-01-09 00:00:00','1994-03-05 00:00:00',2000,0),
(9,5,'Dodsworth','Anne','Représentant(e)','Mlle','1969-07-02 00:00:00','1994-11-15 00:00:00',2180,0);

CREATE TABLE dbo.FOURNISSEURS (
	NO_FOURNISSEUR numeric(5) NOT NULL,
	SOCIETE varchar(40) NOT NULL,
	ADRESSE varchar(60) NOT NULL,
	VILLE varchar(20) NOT NULL,
	CODE_POSTAL varchar(10) NOT NULL,
	PAYS varchar(15) NOT NULL,
	TELEPHONE varchar(24) NOT NULL,
	FAX varchar(24) NULL
);

ALTER TABLE dbo.FOURNISSEURS ADD CONSTRAINT PK_FOURNISSEURS PRIMARY KEY (NO_FOURNISSEUR);

-- Add 29 rows for FOURNISSEURS.
INSERT INTO FOURNISSEURS (NO_FOURNISSEUR, SOCIETE, ADRESSE, VILLE, CODE_POSTAL, PAYS, TELEPHONE, FAX) VALUES 
(1,'Exotic Liquids','49 Gilbert St.','London','EC1 4SD','Royaume-Uni','(171) 555-2222',''),
(2,'Nouvelle-OrlÈans Cajun Delights','P.O. Box 78934','Nouvelle-OrlÈans','70117','Etats-Unis','(100) 555-4822',''),
(3,'Grandma Kelly''s Homestead','707 Oxford Rd.','Ann Arbor','48104','Etats-Unis','(313) 555-5735','(313) 555-3349'),
(4,'Tokyo Traders','9-8 SekimaiMusashino-shi','Tokyo','100','Japon','(03) 3555-5011',''),
(5,'Cooperativa de Quesos ''Las Cabras''','Calle del Rosal 4','Oviedo','33007','Espagne','(98) 598 76 54',''),
(6,'Mayumi''s','92 SetsukoChuo-ku','Osaka','545','Japon','(06) 431-7877',''),
(7,'Pavlova, Ltd.','74 Rose St.Moonie Ponds','Melbourne','3058','Australie','(059) 55-5450','(03) 444-6588'),
(8,'Specialty Biscuits, Ltd.','29 King''s Way','Manchester','M14 GSD','Royaume-Uni','(161) 555-4448',''),
(9,'PB Kn‰ckebrˆd AB','Kaloadagatan 13','Gˆteborg','S-345 67','SuËde','031-987 65 43','031-987 65 91'),
(10,'Refrescos Americanas LTDA','Av. das Americanas 12.890','S„o Paulo','5442','BrÈsil','(11) 555 4640',''),
(11,'Heli S¸?waren GmbH  Co. KG','Tiergartenstra?e 5','Berlin','10785','Allemagne','(010) 9984510',''),
(12,'Plutzer Lebensmittelgro?m‰rkte AG','Bogenallee 51','Frankfurt','60439','Allemagne','(069) 992755',''),
(13,'Nord-Ost-Fisch Handelsgesellschaft mbH','Frahmredder 112a','Cuxhaven','27478','Allemagne','(04721) 8713','(04721) 8714'),
(14,'Formaggi Fortini s.r.l.','Viale Dante, 75','Ravenna','48100','Italie','(0544) 60323','(0544) 60603'),
(15,'Norske Meierier','Hatlevegen 5','Sandvika','1320','NorvËge','(0)2-953010',''),
(16,'Bigfoot Breweries','3400 - 8th AvenueSuite 210','Bend','97101','Etats-Unis','(503) 555-9931',''),
(17,'Svensk Sjˆfˆda AB','Brovallav‰gen 231','Stockholm','S-123 45','SuËde','08-123 45 67',''),
(18,'Aux joyeux ecclÈsiastiques','203, Rue des Francs-Bourgeois','Paris','75004','France','01.03.83.00.68','01.03.83.00.62'),
(19,'New England Seafood Cannery','Order Processing Dept.2100 Paul Revere Blvd.','Boston','02134','Etats-Unis','(617) 555-3267','(617) 555-3389'),
(20,'Leka Trading','471 Serangoon Loop, Suite #402','Singapore','0512','Singapour','555-8787',''),
(21,'Lyngbysild','LyngbysildFiskebakken 10','Lyngby','2800','Danemark','43844108','43844115'),
(22,'Zaanse Snoepfabriek','VerkoopRijnweg 22','Zaandam','9999 ZZ','Pays-Bas','(12345)1212','(12345) 1210'),
(23,'Karkki Oy','Valtakatu 12','Lappeenranta','53120','Finlande','(953) 10956',''),
(24,'G''day, Mate','170 Prince Edward ParadeHunter''s Hill','Sydney','2042','Australie','(02) 555-4873','(02) 555-4873'),
(25,'Ma Maison','2960 Rue St. Laurent','MontrÈal','H1J 1C3','Canada','(514) 555-9022',''),
(26,'Pasta Buttini s.r.l.','Via dei Gelsomini, 153','Salerno','84100','Italie','(089) 6547665','(089) 6547667'),
(27,'Escargots Nouveaux','22, rue H. Voiron','Montceau','71300','France','04.85.57.00.07',''),
(28,'Gai p‚turage','Bat. B3, rue des Alpes','Annecy','74000','France','04.38.76.98.06','04.38.76.98.58'),
(29,'ForÍts d''Èrables','148 rue Chasseur','Ste-Hyacinthe','J2S 7S8','Canada','(514) 555-2955','(514) 555-2921');

CREATE TABLE dbo.PRODUITS (
	REF_PRODUIT numeric(5) NOT NULL,
	NOM_PRODUIT varchar(40) NOT NULL,
	NO_FOURNISSEUR numeric(5) NOT NULL,
	CODE_CATEGORIE numeric(5) NOT NULL,
	QUANTITE varchar(30) NULL,
	PRIX_UNITAIRE numeric(5) NOT NULL,
	UNITES_STOCK numeric(5) NULL,
	UNITES_COMMANDEES numeric(5) NULL,
	INDISPONIBLE numeric(5) NULL
);

ALTER TABLE dbo.PRODUITS ADD CONSTRAINT PK_PRODUITS PRIMARY KEY (REF_PRODUIT);

-- Add 77 rows for PRODUITS.
INSERT INTO PRODUITS (REF_PRODUIT, NOM_PRODUIT, NO_FOURNISSEUR, CODE_CATEGORIE, QUANTITE, PRIX_UNITAIRE, UNITES_STOCK, UNITES_COMMANDEES, INDISPONIBLE) VALUES 
(1,'Chai',1,1,'10 boÓtes x 20 sacs',90,39,0,0),
(2,'Chang',1,1,'24 bouteilles (1 litre)',95,17,40,0),
(3,'Aniseed Syrup',1,2,'12 bouteilles (550 ml)',50,13,70,0),
(4,'Chef Anton''s Cajun Seasoning',2,2,'48 pots (6 onces)',110,53,0,0),
(5,'Chef Anton''s Gumbo Mix',2,2,'36 boÓtes',106,0,0,1),
(6,'Grandma''s Boysenberry Spread',3,2,'12 pots (8 onces)',125,120,0,0),
(7,'Uncle Bob''s Organic Dried Pears',3,7,'12 cartons (1 kg)',150,15,0,0),
(8,'Northwoods Cranberry Sauce',3,2,'12 pots (12 onces)',200,6,0,0),
(9,'Mishi Kobe Niku',4,6,'18 cartons (500 g)',485,29,0,-1),
(10,'Ikura',4,8,'12 pots (200 g)',155,31,0,0),
(11,'Queso Cabrales',5,4,'1 carton (1 kg)',105,22,30,0),
(12,'Queso Manchego La Pastora',5,4,'10 cartons (500 g)',190,86,0,0),
(13,'Konbu',6,8,'1 boÓtes (2 kg)',30,24,0,0),
(14,'Tofu',6,7,'40 cartons (100 g)',116,35,0,0),
(15,'Genen Shouyu',6,2,'24 bouteilles (250 ml)',78,39,0,0),
(16,'Pavlova',7,3,'32 boÓtes (500 g)',87,29,0,0),
(17,'Alice Mutton',7,6,'20 boÓtes (1 kg)',195,0,0,-1),
(18,'Carnarvon Tigers',7,8,'1 carton (16 kg)',313,42,0,0),
(19,'Teatime Chocolate Biscuits',8,3,'10 boÓtes x 12 piËces',46,25,0,0),
(20,'Sir Rodney''s Marmalade',8,3,'30 boÓtes',405,40,0,0),
(21,'Sir Rodney''s Scones',8,3,'24 cartons x 4 piËces',50,3,40,0),
(22,'Gustaf''s Kn‰ckebrˆd',9,5,'24 cartons (500 g)',105,104,0,0),
(23,'Tunnbrˆd',9,5,'12 cartons (250 g)',45,61,0,0),
(24,'Guaran· Fant·stica',10,1,'12 canettes (355 ml)',23,20,0,-1),
(25,'NuNuCa Nu?-Nougat-Creme',11,3,'20 verres (450 g)',70,76,0,0),
(26,'Gumb‰r Gummib‰rchen',11,3,'100 sacs (250 g)',156,15,0,0),
(27,'Schoggi Schokolade',11,3,'100 piËces (100 g)',220,49,0,0),
(28,'Rˆssle Sauerkraut',12,7,'25 canettes (825 g)',228,26,0,-1),
(29,'Th¸ringer Rostbratwurst',12,6,'50 sacs x 30 saucisses',619,0,0,-1),
(30,'Nord-Ost Matjeshering',13,8,'10 verres (200 g)',129,10,0,0),
(31,'Gorgonzola Telino',14,4,'12 cartons (100 g)',63,0,70,0),
(32,'Mascarpone Fabioli',14,4,'24 cartons (200 g)',160,9,40,0),
(33,'Geitost',15,4,'1 carton (500 g)',13,112,0,0),
(34,'Sasquatch Ale',16,1,'24 bouteilles (70 cl)',70,111,0,0),
(35,'Steeleye Stout',16,1,'24 bouteilles (1 litre)',90,20,0,0),
(36,'Inlagd Sill',17,8,'24 pots (250 g)',95,112,0,0),
(37,'Gravad lax',17,8,'12 cartons (500 g)',130,11,50,0),
(38,'CÙte de Blaye',18,1,'12 bouteilles (75 cl)',1318,17,0,0),
(39,'Chartreuse verte',18,1,'1 bouteille (750 cc)',90,69,0,0),
(40,'Boston Crab Meat',19,8,'24 boÓtes (4 onces)',92,123,0,0),
(41,'Jack''s New England Clam Chowder',19,8,'12 canettes (330 ml)',48,85,0,0),
(42,'Singaporean Hokkien Fried Mee',20,5,'32 cartons (1 kg)',70,26,0,-1),
(43,'Ipoh Coffee',20,1,'16 boÓtes (500 g)',230,17,10,0),
(44,'Gula Malacca',20,2,'20 cartons (2 kg)',97,27,0,0),
(45,'R¯gede sild',21,8,'1 carton (1kg)',48,5,70,0),
(46,'Spegesild',21,8,'4 boÓtes (250 g)',60,95,0,0),
(47,'Zaanse koeken',22,3,'10 boÓtes (4 onces)',48,36,0,0),
(48,'Chocolade',22,3,'10 cartons',64,15,70,0),
(49,'Maxilaku',23,3,'24 cartons (50 g)',100,10,60,0),
(50,'Valkoinen suklaa',23,3,'12 plaquettes (100 g)',81,65,0,0),
(51,'Manjimup Dried Apples',24,7,'50 cartons (300 g)',265,20,0,0),
(52,'Filo Mix',24,5,'16 boÓtes (2 kg)',35,38,0,0),
(53,'Perth Pasties',24,6,'48 piËces',164,0,0,-1),
(54,'TourtiËre',25,6,'16 tartes',37,21,0,0),
(55,'P‚tÈ chinois',25,6,'24 boÓtes x 2 tartes',120,115,0,0),
(56,'Gnocchi di nonna Alice',26,5,'24 cartons (250 g)',190,21,10,0),
(57,'Ravioli Angelo',26,5,'24 cartons (250 g)',98,36,0,0),
(58,'Escargots de Bourgogne',27,8,'24 piËces',66,62,0,0),
(59,'Raclette Courdavault',28,4,'1 carton (5 kg)',275,79,0,0),
(60,'Camembert Pierrot',28,4,'15 unitÈs (300 g)',170,19,0,0),
(61,'Sirop d''Èrable',29,2,'24 bouteilles (500 ml)',143,113,0,0),
(62,'Tarte au sucre',29,3,'48 tartes',247,17,0,0),
(63,'Vegie-spread',7,2,'15 pots (625 g)',220,24,0,0),
(64,'Wimmers gute Semmelknˆdel',12,5,'20 sacs x 4 piËces',166,22,80,0),
(65,'Louisiana Fiery Hot Pepper Sauce',2,2,'32 bouteilles (8 onces)',105,76,0,0),
(66,'Louisiana Hot Spiced Okra',2,2,'24 pots (8 onces)',85,4,100,0),
(67,'Laughing Lumberjack Lager',16,1,'24 bouteilles (12 onces)',70,52,0,0),
(68,'Scottish Longbreads',8,3,'10 sacs x 8 piËces',63,6,10,0),
(69,'Gudbrandsdalsost',15,4,'1 carton (10 kg)',180,26,0,0),
(70,'Outback Lager',7,1,'24 bouteilles (355 ml)',75,15,10,0),
(71,'Fl¯temysost',15,4,'10 cartons (500 g)',108,26,0,0),
(72,'Mozzarella di Giovanni',14,4,'24 cartons (200 g)',174,14,0,0),
(73,'Rˆd Kaviar',17,8,'24 pots (150 g)',75,101,0,0),
(74,'Longlife Tofu',4,7,'1 carton (5 kg)',50,4,20,0),
(75,'Rhˆnbr‰u Klosterbier',12,1,'24 bouteilles (0,5 litre)',39,125,0,0),
(76,'Lakkalikˆˆri',23,1,'1 bouteille (500 ml)',90,57,0,0),
(77,'Original Frankfurter gr¸ne So?e',12,2,'12 boÓtes',65,32,0,0);

